关键词,关键词翻译,ABA排名,6月搜索量,5月搜索量,搜索增长率,月购买量,购买率,商品数,供需比,SPR,标题密度,点击集中度,货流值,均价,评分数,评分值,PPC价格,同比增长值,同比增长率,近3个月增长值,近3个月增长率,所属类目
ford bronco gifts for men,福特野马男士礼物,"475,771","2,974",33,"9,000.00%",161,5.44%,"4,559",0.7,31,1,19.9%,0.9%,$21.99,201,4.5,$0.20,"1,839",162.03%,,,"Clothing, Shoes & Jewelry; Automotive Parts & Accessories; Home & Kitchen"
ford bronco shirts for men,男式福特野马衬衫,"652,573","2,155",24,"9,000.00%",116,5.40%,523,4.1,30,0,20.0%,6.8%,$23.99,4,4.5,$1.62,"1,397",184.30%,,,"Clothing, Shoes & Jewelry; Sports & Outdoors; Automotive Parts & Accessories"
sunshade for ford bronco,,"797,629","1,666",19,"9,000.00%",88,5.33%,593,2.8,28,6,14.8%,,$26.99,153,4.5,,,,,,Automotive Parts & Accessories
ford bronco gifts,福特野马礼物,"838,839","1,587",18,"9,000.00%",86,5.44%,"6,546",0.2,27,1,28.2%,6.9%,$15.99,296,4.5,$1.11,,,,,"Clothing, Shoes & Jewelry; Automotive Parts & Accessories; Home & Kitchen"
bronco t shirt,野马T恤,"1,550,765",666,7,"9,000.00%",18,2.74%,"1,949",0.3,19,0,22.0%,5.5%,$23.99,186,4.5,$1.33,,,,,"Clothing, Shoes & Jewelry; Sports & Outdoors; Automotive Parts & Accessories"
ford bronco stickers,福特野马贴纸,"1,759,569",580,6,"9,000.00%",32,5.62%,"3,398",0.2,13,0,30.6%,5.7%,$9.99,14,4.8,$0.57,,,-781,-100.00%,"Automotive Parts & Accessories; Clothing, Shoes & Jewelry; Computers"
2023 bronco,2023年野马,"1,789,875",568,6,"9,000.00%",13,2.43%,313,1.8,13,0,22.8%,9.6%,$27.99,635,4.5,$2.68,,,-294,-100.00%,"Automotive Parts & Accessories; Clothing, Shoes & Jewelry; Tools & Home Improvement"
bronco sport cargo cover,,"1,897,657",524,6,"9,000.00%",7,1.47%,"1,274",0.4,12,0,45.4%,,$59.99,8,3.7,,,,,,Automotive Parts & Accessories; Pet Supplies
bronco stubby antenna,野马短天线,"1,951,749",501,6,"9,000.00%",16,3.28%,172,2.9,12,0,40.6%,4.6%,$25.00,"2,002",4.4,$1.14,,,-262,-100.00%,Automotive Parts & Accessories
bronco tailgate,,"2,009,361",476,5,"9,000.00%",12,2.64%,"1,472",0.3,21,1,29.0%,,$145.99,13,4.0,,,,,,Automotive Parts & Accessories
bronco door pocket,野马门袋,"2,134,835",417,5,"9,000.00%",4,1.15%,489,0.9,18,0,41.4%,9.7%,$37.98,3,4.5,$3.68,-806,-65.90%,,,Automotive Parts & Accessories
bronco seat covers 2022,野马座套 2022,"2,134,837",417,5,"9,000.00%",4,0.98%,638,0.7,18,0,37.9%,0.7%,$209.99,6,4.5,$1.58,,,,,Automotive Parts & Accessories; Baby
bronco hats for men,男士野马帽,"2,134,836",417,5,"9,000.00%",9,2.31%,"1,349",0.3,18,0,31.0%,3.1%,$15.99,87,4.5,$0.50,,,,,"Clothing, Shoes & Jewelry; Automotive Parts & Accessories; Sports & Outdoors"
ford bronco toys,,"2,217,056",371,4,"9,000.00%",19,5.20%,"2,100",0.2,13,0,39.3%,,$14.99,8,5.0,,,,,,"Toys & Games; Automotive Parts & Accessories; Clothing, Shoes & Jewelry"
bronco 2 door,,"2,275,819",331,4,"9,000.00%",6,1.97%,"11,766",0.0,12,12,22.2%,,$199.99,6,4.3,,,,,,Automotive Parts & Accessories; Cell Phones & Accessories
ford bronco model kit,福特野马模型套件,"2,453,052",100,1,"9,000.00%",5,5.62%,210,0.5,8,0,64.0%,0.8%,$24.79,296,4.5,$0.20,,,,,Toys & Games; Automotive Parts & Accessories
ford bronco trailer hitch,福特野马拖车吊,"2,453,053",100,1,"9,000.00%",5,5.51%,166,0.6,8,0,40.0%,2.0%,$111.23,88,4.5,$2.24,,,-620,-100.00%,Automotive Parts & Accessories
bronco handles,野马车把手,"2,436,146",100,1,"9,000.00%",2,2.22%,196,0.5,8,0,44.0%,5.6%,$28.99,57,4.9,$1.61,,,-500,-100.00%,Automotive Parts & Accessories
ford bronco merchandise,福特野马商品,"2,453,051",100,1,"9,000.00%",5,5.20%,140,0.7,8,0,20.0%,4.3%,$24.99,17,4.9,$1.07,,,-429,-100.00%,"Clothing, Shoes & Jewelry; Sports & Outdoors; Automotive Parts & Accessories"
bronco sport letter overlay,Bronco Sport字母覆盖物,"2,436,147",100,1,"9,000.00%",1,0.98%,52,1.9,8,0,32.0%,3.0%,$28.99,90,4.5,$0.87,,,-363,-100.00%,Automotive Parts & Accessories; Handmade
bronco hats for women,女士野马帽,"1,706,797",602,120,502.00%,11,1.96%,750,0.8,13,0,40.5%,1.4%,$29.95,12,4.9,$0.43,42,7.50%,502,502.00%,"Clothing, Shoes & Jewelry; Sports & Outdoors; Automotive Parts & Accessories"
ford bronco decals,福特野马的贴纸,"1,856,043",540,123,440.00%,2,0.54%,"2,420",0.2,12,0,17.6%,3.7%,$25.99,32,4.5,$0.97,,,-897,-89.97%,"Automotive Parts & Accessories; Clothing, Shoes & Jewelry; Arts, Crafts & Sewing"
bronco wireless charging pad,野马无线充电板,"2,070,249",448,129,348.00%,36,8.06%,81,5.5,19,0,56.7%,5.0%,$49.99,8,4.0,$2.48,,,-556,-84.76%,Automotive Parts & Accessories; Cell Phones & Accessories
trx4m bronco bumper,trx4m野马的保险杠,"2,185,653",390,134,290.00%,8,2.25%,261,1.5,13,0,41.4%,2.3%,$19.99,1,5.0,$0.47,,,290,290.00%,Toys & Games; Automotive Parts & Accessories
ford bronco t shirt,福特野马 T 恤,"1,341,915",811,389,208.37%,46,5.68%,551,1.5,23,0,22.9%,2.8%,$23.99,127,4.5,$0.68,,,548,208.37%,"Clothing, Shoes & Jewelry; Automotive Parts & Accessories; Sports & Outdoors"
ford bronco store,福特野马商店,"783,167","1,740","1,420",122.51%,98,5.64%,"8,963",0.2,30,0,14.9%,5.9%,$18.99,296,4.5,$1.12,,,-608,-43.74%,"Automotive Parts & Accessories; Clothing, Shoes & Jewelry; Arts, Crafts & Sewing"
bronco cup holder inserts,布朗克杯架嵌件,"1,098,324","1,220","1,084",112.54%,25,2.11%,485,2.5,29,0,52.5%,7.7%,$11.95,118,4.4,$0.92,,,-31,-5.12%,Automotive Parts & Accessories; Home & Kitchen
bronco toy,野马玩具,"1,015,265","1,308","1,208",108.28%,35,2.73%,"5,667",0.2,29,0,54.7%,1.8%,$29.54,296,4.5,$0.54,631,93.21%,-6,-1.01%,Toys & Games; Office Products; Automotive Parts & Accessories
bronco key chain,野马钥匙链,"1,116,606","1,112","1,027",108.24%,27,2.51%,"1,170",1.0,28,2,51.7%,6.8%,$11.99,44,4.5,$0.81,,,-178,-25.00%,"Automotive Parts & Accessories; Clothing, Shoes & Jewelry; Sports & Outdoors"
ford bronco shirts,福特野马的衬衣,"1,101,807","1,119","1,082",103.45%,61,5.46%,711,1.6,26,0,16.9%,5.6%,$23.99,224,4.5,$1.35,,,-231,-29.58%,"Clothing, Shoes & Jewelry; Sports & Outdoors; Automotive Parts & Accessories"
ford bronco diecast,福特野马压铸,"1,908,129",520,532,97.72%,26,5.09%,719,0.7,12,0,33.3%,1.3%,$15.16,3,5.0,$0.20,,,-142,-35.06%,"Toys & Games; Automotive Parts & Accessories; Clothing, Shoes & Jewelry"
ford bronco apparel,福特野马服装,"1,042,371","1,250","1,316",95.01%,51,4.12%,"1,601",0.8,29,0,11.6%,2.7%,$24.99,361,4.5,$0.68,117,10.33%,-442,-41.62%,"Clothing, Shoes & Jewelry; Sports & Outdoors; Automotive Parts & Accessories"
ford bronco keychain,福特野马钥匙扣,"1,290,591",854,969,88.11%,44,5.16%,"1,059",0.8,24,0,36.0%,6.8%,$12.99,105,4.5,$0.89,-80,-8.57%,-183,-28.73%,"Automotive Parts & Accessories; Clothing, Shoes & Jewelry"
mabett bronco,马贝特野马,"1,074,087","1,215","1,416",85.78%,25,2.08%,124,9.8,28,1,27.5%,0.6%,$58.99,244,4.5,$0.33,"-3,341",-73.33%,-760,-53.75%,Automotive Parts & Accessories
bronco door bags 4 door,Bronco by bags 4 by,"870,138","1,490","1,770",84.18%,28,1.94%,"1,848",0.8,28,0,35.0%,3.0%,$69.99,8,3.7,$2.10,,,-24,-2.88%,Automotive Parts & Accessories
bronco sport floor mats,野马运动地垫,"1,391,428",771,977,78.89%,17,2.31%,516,1.5,22,1,54.3%,3.0%,$95.88,10,4.5,$2.91,,,-241,-35.86%,Automotive Parts & Accessories
bronco door storage bags,野马门储物袋,"1,098,325","1,224","1,725",70.95%,17,1.42%,570,2.2,29,0,40.7%,2.3%,$119.99,2,3.7,$2.73,652,113.99%,-117,-14.05%,Automotive Parts & Accessories
bronco flag mount,野马旗帜支架,"1,310,647",838,"1,310",63.99%,31,3.72%,368,2.3,24,5,42.9%,1.3%,$79.99,2,3.0,$1.05,,,327,63.99%,"Automotive Parts & Accessories; Patio, Lawn & Garden; Tools & Home Improvement"
bronco letters,野马字母,"1,797,045",565,934,60.51%,11,2.06%,"2,608",0.2,13,0,28.6%,2.7%,$26.99,1,1.0,$0.74,,,-172,-32.82%,"Automotive Parts & Accessories; Arts, Crafts & Sewing; Handmade"
mabbett bronco,马贝特野马,"1,346,993",807,"1,335",60.44%,17,2.14%,151,5.3,23,0,22.9%,0.8%,$59.99,48,4.5,$0.46,,,304,60.44%,Automotive Parts & Accessories
ford bronco key fob cover,福特野马钥匙扣盖,"733,405","1,926","3,703",52.01%,18,0.98%,411,4.7,26,1,14.5%,4.1%,$13.99,129,4.5,$0.57,"1,148",147.56%,-779,-30.23%,Automotive Parts & Accessories
bronco tshirt,野马 T 恤,"491,888","2,844","5,520",51.52%,59,2.08%,"11,048",0.3,30,0,12.6%,3.2%,$23.99,8,5.0,$0.77,"2,058",261.83%,390,26.23%,"Clothing, Shoes & Jewelry; Sports & Outdoors; Automotive Parts & Accessories"
ford bronco license plate frame,福特野马车牌框架,"988,712","1,379","2,693",51.21%,72,5.27%,456,3.0,28,0,47.7%,,$24.95,38,4.5,,-59,-4.10%,-682,-42.79%,Automotive Parts & Accessories
2023 bronco 2 door accessories,2023年野马2门配件,"1,889,755",527,"1,136",46.39%,1,0.15%,"6,710",0.1,12,0,18.2%,8.3%,$28.99,162,4.8,$2.40,,,167,46.39%,Automotive Parts & Accessories
ford bronco phone mount,福特野马手机支架,"1,806,352",561,"1,258",44.59%,28,5.11%,397,1.4,13,0,28.6%,2.9%,$32.99,22,4.0,$0.94,-134,-19.28%,-153,-28.28%,Cell Phones & Accessories; Handmade; Automotive Parts & Accessories
ford bronco cover,福特野马盖,"1,806,351",561,"1,258",44.59%,31,5.53%,190,3.0,13,0,48.6%,2.8%,$65.99,4,3.7,$1.83,,,173,44.59%,Automotive Parts & Accessories
2022 bronco accessories,2022 野马配件,"1,545,436",669,"1,525",43.87%,4,0.68%,"6,824",0.1,19,0,14.6%,2.0%,$49.99,70,4.0,$0.99,"-1,828",-73.21%,-460,-49.73%,Automotive Parts & Accessories; Cell Phones & Accessories; Tools & Home Improvement
bronco accessories,野马配件,"40,943","20,057","48,824",41.08%,98,0.49%,"3,281",6.1,63,17,9.9%,1.1%,$56.99,147,4.5,$0.63,"-4,341",-17.79%,"-8,370",-37.06%,"Automotive Parts & Accessories; Clothing, Shoes & Jewelry; Cell Phones & Accessories"
2023 ford bronco,2023年福特野马,"1,446,108",729,"2,039",35.75%,37,5.11%,124,5.9,21,4,18.2%,15.7%,$26.99,217,4.5,$4.23,,,-122,-18.51%,"Automotive Parts & Accessories; Clothing, Shoes & Jewelry; Tools & Home Improvement"
bronco cup holder for back seat,布朗科后座杯架,"1,750,787",583,"1,653",35.27%,12,2.17%,422,1.4,13,0,63.9%,,$37.99,48,4.5,,,,60,16.17%,Automotive Parts & Accessories
bronco roof rack 4 door,布朗克车顶架4门,"1,846,171",545,"1,547",35.24%,5,0.92%,115,4.7,13,0,38.2%,1.3%,$139.90,8,3.9,$1.88,,,-70,-14.80%,Automotive Parts & Accessories; Tools & Home Improvement; Sports & Outdoors
bronco dash rail,布朗克仪表盘导轨,"2,009,359",476,"1,351",35.23%,9,1.92%,222,2.1,21,0,41.9%,3.3%,$43.99,6,4.0,$1.46,,,124,35.23%,Automotive Parts & Accessories; Cell Phones & Accessories; Sports & Outdoors
bronco shirt,野马衬衫,"703,278","2,057","5,852",35.15%,179,8.72%,"1,910",1.1,28,2,13.4%,5.1%,$24.99,8,5.0,$1.28,"1,006",95.72%,-281,-15.59%,"Clothing, Shoes & Jewelry; Sports & Outdoors; Automotive Parts & Accessories"
bronco hitch,野马结,"1,088,754","1,207","3,462",34.86%,29,2.47%,212,5.7,28,2,47.2%,2.3%,$111.23,32,4.5,$2.55,624,107.03%,-398,-30.78%,Automotive Parts & Accessories
2023 bronco sport accessories,2023年布朗克运动配件,"754,726","1,866","5,480",34.05%,17,0.96%,"3,662",0.5,29,0,19.2%,2.4%,$26.99,309,4.5,$0.66,,,211,24.65%,Automotive Parts & Accessories
bronco windshield sun shade,布朗克挡风玻璃遮阳板,"1,239,303",899,"2,709",33.19%,29,3.24%,472,1.9,26,2,46.1%,4.9%,$25.99,4,3.0,$1.28,,,224,33.19%,Automotive Parts & Accessories; Sports & Outdoors
bronco toy car,野马玩具车,"1,261,932",880,"3,218",27.35%,22,2.61%,"1,238",0.7,25,0,54.9%,3.4%,$15.16,18,4.3,$0.51,340,62.96%,-142,-17.05%,Toys & Games; Automotive Parts & Accessories
bronco running boards 4 door,Bronco 跑板 4 门,"1,664,881",620,"2,270",27.31%,3,0.54%,185,3.4,14,0,36.8%,0.9%,$279.99,35,4.3,$2.42,,,-136,-21.83%,Automotive Parts & Accessories
bronco hammock,棕熊吊床,"2,070,246",448,"1,643",27.27%,10,2.41%,418,1.1,19,1,76.7%,8.6%,$17.99,2,5.0,$1.54,,,96,27.27%,Automotive Parts & Accessories; Pet Supplies; Sports & Outdoors
ford bronco model,福特野马模型,"1,315,579",833,"3,132",26.60%,44,5.38%,"11,377",0.1,24,0,38.8%,0.8%,$24.79,296,4.5,$0.20,-144,-14.74%,-35,-6.60%,"Toys & Games; Automotive Parts & Accessories; Clothing, Shoes & Jewelry"
bronco grill,布朗克烧烤,"1,550,762",666,"2,694",24.72%,13,2.08%,"1,322",0.5,19,1,56.1%,0.2%,$405.99,1,5.0,$0.66,,,-440,-45.17%,Automotive Parts & Accessories
bronco floor mats,布朗克地板垫,"1,285,745",859,"3,534",24.31%,9,1.09%,880,1.0,24,2,26.0%,2.3%,$162.00,64,4.5,$3.67,,,-464,-40.17%,Automotive Parts & Accessories
bronco cup holder,野马杯架,"1,217,228",919,"3,799",24.19%,21,2.33%,"1,498",0.6,26,2,54.7%,2.9%,$29.99,48,4.4,$0.87,,,-496,-40.13%,Automotive Parts & Accessories
bronco sport accessories 2023,Bronco运动配件2023,"180,728","6,304","26,543",23.75%,58,0.93%,"4,387",1.4,38,1,20.0%,3.2%,$22.95,186,4.5,$0.74,,,455,9.81%,Automotive Parts & Accessories; Cell Phones & Accessories
ford bronco shirt,福特野马衬衫,"236,519","5,219","23,011",22.68%,591,11.33%,"1,243",4.2,38,3,17.4%,5.1%,$23.99,224,4.5,$1.23,"1,982",61.23%,-227,-5.07%,"Clothing, Shoes & Jewelry; Sports & Outdoors; Automotive Parts & Accessories"
bronco sport car accessories,Bronco运动汽车配件,"620,439","2,300","10,445",22.02%,14,0.65%,"16,833",0.1,28,0,13.2%,2.1%,$21.99,98,4.5,$0.47,,,-885,-31.95%,Automotive Parts & Accessories; Cell Phones & Accessories
ford bronco sport accessories 2023 4 door,福特野马运动配件2023年4门版,"1,672,727",616,"2,865",21.50%,2,0.38%,"2,041",0.3,14,0,42.1%,,$14.99,322,4.8,,,,109,21.50%,Automotive Parts & Accessories
bronco bull bar,野马的牛栏,"1,239,301",899,"4,183",21.49%,8,0.93%,102,8.8,26,1,34.6%,1.5%,$138.69,4,3.7,$2.15,,,-234,-24.02%,Automotive Parts & Accessories
bronco letter overlay,野马字母覆盖,"1,116,607","1,170","5,475",21.37%,33,2.84%,202,5.8,27,0,34.5%,1.5%,$28.99,1,1.0,$0.44,,,-69,-10.24%,Automotive Parts & Accessories; Handmade
ford bronco sport seat covers,福特野马运动座椅套,"1,290,592",854,"4,211",20.28%,38,4.47%,969,0.9,24,0,22.0%,1.1%,$129.98,1,5.0,$1.44,,,-285,-35.45%,Automotive Parts & Accessories; Pet Supplies
2023 ford bronco sport accessories,2023年福特野马运动配件,"574,363","2,505","13,027",19.23%,24,0.97%,"3,722",0.7,30,0,16.8%,,$22.95,186,4.5,,,,-7,-0.33%,Automotive Parts & Accessories
bronco speaker pods,布朗克扬声器吊舱,"2,134,839",417,"2,258",18.47%,6,1.53%,112,3.7,18,0,68.9%,0.7%,$149.99,6,3.7,$1.12,,,-385,-52.24%,Electronics; Automotive Parts & Accessories
bronco cover,野马盖,"2,009,358",476,"2,628",18.11%,9,1.94%,"4,865",0.1,21,1,41.9%,2.6%,$59.99,2,3.2,$1.58,-178,-27.22%,73,18.11%,Automotive Parts & Accessories
bronco trailer hitch,布朗科拖车吊架,"1,706,799",602,"3,380",17.81%,19,3.22%,292,2.1,13,2,56.7%,2.0%,$99.88,9,4.5,$2.04,,,-201,-28.23%,Automotive Parts & Accessories
bronco cargo mat,野马货物垫,"1,846,169",545,"3,215",16.95%,3,0.65%,372,1.5,13,3,58.8%,1.9%,$148.99,127,4.5,$2.85,-73,-11.81%,-265,-31.89%,Automotive Parts & Accessories
bronco emblem black,野马会徽黑色,"1,285,744",859,"5,342",16.08%,29,3.39%,352,2.4,24,0,50.0%,3.5%,$24.99,95,4.5,$0.88,,,-416,-35.99%,Automotive Parts & Accessories; Toys & Games
bronco grab handles,野马把手,"560,499","2,602","17,198",15.13%,48,1.86%,215,12.1,27,1,33.9%,9.4%,$16.99,10,4.3,$1.60,790,43.60%,-138,-5.53%,Automotive Parts & Accessories
bronco spare tire cover,野马备胎罩,"872,864","1,549","10,327",15.00%,60,3.88%,"1,011",1.5,29,3,27.3%,1.6%,$35.99,20,4.5,$0.58,919,145.87%,-238,-14.12%,Automotive Parts & Accessories
bronco center console organizer,野马中央控制台组织者,"1,951,745",501,"3,420",14.65%,11,2.27%,678,0.7,12,1,43.7%,,$23.99,318,4.5,,-96,-16.08%,-412,-80.47%,Automotive Parts & Accessories
black bronco emblem,黑色Bronco徽章,"1,663,551",620,"5,295",11.71%,26,4.21%,345,1.8,14,0,57.9%,8.1%,$15.75,42,4.5,$1.27,,,65,11.71%,Automotive Parts & Accessories; Toys & Games
ford bronco key chain,福特野马钥匙扣,"599,876","2,381","21,146",11.26%,130,5.48%,841,2.8,29,1,28.5%,5.2%,$11.99,62,4.5,$0.62,"1,731",266.31%,6,0.28%,"Automotive Parts & Accessories; Clothing, Shoes & Jewelry; Tools & Home Improvement"
bronco mud flaps,野马挡泥板,"1,092,907","1,205","10,995",10.96%,31,2.63%,494,2.4,28,2,38.7%,3.0%,$129.99,22,3.9,$3.88,,,-347,-24.21%,Automotive Parts & Accessories
ford bronco toy,福特野马玩具,"723,826","1,914","18,333",10.44%,102,5.35%,"1,863",1.0,26,0,38.2%,2.8%,$15.16,18,4.5,$0.43,581,43.59%,-149,-9.09%,"Toys & Games; Clothing, Shoes & Jewelry; Automotive Parts & Accessories"
bronco tailgate table,野马尾门桌,"675,761","2,150","21,565",9.97%,21,1.02%,23,93.5,30,2,36.4%,1.1%,$169.99,35,4.0,$1.90,"1,477",219.47%,-463,-22.72%,Automotive Parts & Accessories; Sports & Outdoors
bronco hat,野马帽,"352,350","3,863","39,378",9.81%,113,2.94%,"1,330",2.9,28,0,27.8%,5.4%,$29.95,451,4.8,$1.61,-451,-10.45%,345,9.81%,"Clothing, Shoes & Jewelry; Automotive Parts & Accessories; Sports & Outdoors"
bronco emblem light,布朗克车标灯,"1,084,620","1,239","12,839",9.65%,18,1.52%,81,15.3,29,0,96.9%,1.1%,$109.99,5,3.7,$1.17,,,-759,-32.08%,Automotive Parts & Accessories
bronco grille letters,布朗克格栅字母,"883,932","1,569","18,118",8.66%,9,0.63%,123,12.8,29,0,33.6%,8.4%,$23.99,16,4.3,$2.02,,,-153,-9.58%,Automotive Parts & Accessories; Industrial & Scientific; Handmade
bronco key fob cover,野马钥匙扣盖,"480,297","2,936","35,718",8.22%,4,0.15%,459,6.4,31,1,17.5%,3.3%,$13.99,103,4.5,$0.46,"1,670",131.91%,-198,-6.80%,Automotive Parts & Accessories
ford bronco sport accessories,福特野马运动配件,"108,447","9,588","125,992",7.61%,62,0.65%,"16,118",0.6,39,4,17.8%,2.9%,$22.95,123,4.5,$0.67,"4,438",86.17%,270,3.13%,Automotive Parts & Accessories; Handmade
ford bronco spare tire covers,福特野马备胎罩,"789,826","1,831","30,115",6.08%,143,7.81%,533,3.4,28,0,31.7%,1.1%,$39.99,20,3.7,$0.44,-433,-19.13%,-675,-28.11%,Automotive Parts & Accessories
ford bronco emblem,福特野马标志,"638,242","2,302","42,630",5.40%,31,1.37%,871,2.6,28,1,31.9%,10.3%,$25.99,95,4.5,$2.67,-670,-22.54%,-428,-23.73%,Automotive Parts & Accessories; Home & Kitchen
bronco cargo net,勃朗科货运网,"2,203,267",379,"7,595",4.99%,29,7.84%,268,1.4,13,1,53.6%,5.8%,$15.99,39,4.4,$0.93,,,18,4.99%,Automotive Parts & Accessories
ford bronco accessories 2023 4 door,福特野马配件2023年4门版,"565,316","2,582","53,904",4.79%,8,0.31%,"2,273",1.1,27,0,12.4%,,$49.99,166,4.5,,,,118,4.79%,Automotive Parts & Accessories
bronco key cover,野马钥匙盖,"1,664,879",620,"13,626",4.55%,3,0.51%,"1,314",0.5,14,0,31.6%,3.4%,$15.99,187,4.5,$0.55,,,27,4.55%,Automotive Parts & Accessories
bronco antenna 2023,2023年的布朗克天线,"1,363,548",793,"20,178",3.93%,19,2.41%,142,5.6,23,0,31.9%,8.6%,$19.99,"3,003",4.3,$1.71,,,-103,-14.95%,Automotive Parts & Accessories
ford bronco sport roof rack,福特野马运动车顶行李架,"2,147,691",410,"11,582",3.54%,18,4.54%,152,2.7,14,0,41.4%,0.6%,$138.00,23,4.5,$0.82,,,14,3.54%,Automotive Parts & Accessories
bronco sport roof rack,野马运动车顶架,"1,951,746",501,"17,456",2.87%,3,0.62%,205,2.4,12,0,34.4%,2.4%,$99.99,56,4.5,$2.43,,,14,2.87%,Automotive Parts & Accessories; Sports & Outdoors
bronco seat covers,野马座套,"918,226","1,467","84,798",1.73%,9,0.63%,"1,303",1.1,27,1,33.7%,0.6%,$209.99,35,4.5,$1.30,,,-355,-19.76%,Automotive Parts & Accessories; Pet Supplies
traxxas bronco,特拉克萨斯野马,"1,037,029","1,218","369,091",0.33%,9,0.82%,186,6.6,29,0,47.4%,0.2%,$519.99,8,4.5,$0.89,-462,-27.50%,-235,-16.22%,Toys & Games; Automotive Parts & Accessories
bronco sport accessories 2022,野马运动配件 2022,"544,965","2,630","848,387",0.31%,9,0.38%,"9,202",0.3,28,0,13.3%,1.9%,$22.95,778,4.8,$0.43,"-4,339",-62.26%,-767,-22.63%,Automotive Parts & Accessories; Cell Phones & Accessories
traxxas trx4 bronco,traxxas trx4 野马,"2,414,344",100,#DIV/0!,0.00%,1,0.93%,245,0.4,8,0,65.4%,0.2%,$519.99,8,4.5,$0.93,-812,-89.04%,0,0.00%,Toys & Games; Automotive Parts & Accessories
bronco keychain,野马钥匙扣,"370,254","3,736","-12,453,333",-0.03%,127,3.40%,"2,706",1.4,32,3,25.7%,6.9%,$11.99,62,4.5,$0.83,759,25.50%,-186,-4.74%,"Automotive Parts & Accessories; Sports & Outdoors; Clothing, Shoes & Jewelry"
cool ford bronco accessories,酷炫的福特野马配件,"837,599","1,708","-183,656",-0.93%,33,1.97%,"2,373",0.7,29,0,15.4%,9.5%,$23.99,164,4.5,$2.27,,,-16,-0.93%,"Automotive Parts & Accessories; Clothing, Shoes & Jewelry"
bronco light bar,野马车灯杆,"1,516,016",681,"-46,966",-1.45%,14,2.19%,"2,043",0.3,19,0,28.6%,0.7%,$139.00,1,2.0,$0.99,,,-21,-2.95%,Automotive Parts & Accessories
bronco door bags,野马门袋,"1,516,014",681,"-46,966",-1.45%,10,1.48%,677,1.0,19,0,42.9%,4.0%,$69.99,8,4.5,$2.79,-88,-11.44%,-10,-1.45%,Automotive Parts & Accessories
2021 ford bronco sport accessories,2021 福特野马运动配件,"1,477,890",704,"-33,684",-2.09%,72,10.27%,"9,491",0.1,20,0,23.3%,,$29.99,17,4.5,,-3,-0.42%,-162,-18.39%,Automotive Parts & Accessories; Cell Phones & Accessories
ford bronco seat covers,福特野马座椅套,"709,066","1,944","-92,133",-2.11%,103,5.31%,"1,151",1.7,27,2,26.7%,0.7%,$209.99,8,4.8,$1.44,,,-42,-2.11%,Automotive Parts & Accessories; Pet Supplies
ford bronco accessories,福特Bronco配件,"36,134","22,055","-911,364",-2.42%,191,0.87%,"4,621",4.8,65,22,8.3%,4.1%,$16.99,147,4.5,$0.69,"8,744",65.69%,-780,-3.34%,"Automotive Parts & Accessories; Clothing, Shoes & Jewelry; Cell Phones & Accessories"
bronco sport accessories,野马运动配件,"98,997","11,200","-455,285",-2.46%,48,0.43%,"17,052",0.7,45,6,16.6%,2.4%,$26.99,186,4.5,$0.66,"2,167",23.99%,-768,-6.27%,Automotive Parts & Accessories; Handmade
bronco door storage,野马门存储,"1,019,554","1,323","-47,419",-2.79%,16,1.26%,"1,090",1.2,29,1,30.9%,4.7%,$29.99,8,4.3,$1.40,337,34.18%,-38,-2.79%,Automotive Parts & Accessories
2023 ford bronco accessories,2023年福特野马的配件,"262,307","4,801","-161,650",-2.97%,28,0.60%,"4,150",1.2,35,0,10.7%,3.9%,$27.99,198,4.5,$1.10,,,-254,-4.88%,Automotive Parts & Accessories
bronco sport key fob cover,野马运动钥匙扣盖,"1,088,755","1,210","-39,803",-3.04%,9,0.82%,621,2.0,28,0,18.1%,3.5%,$12.99,103,4.5,$0.46,565,87.60%,-231,-14.76%,Automotive Parts & Accessories
ford bronco grab handles 2023,福特野马抓手2023,"2,147,689",410,"-12,424",-3.30%,21,5.31%,15,27.3,14,0,31.0%,6.2%,$28.99,36,4.5,$1.79,,,-14,-3.30%,Automotive Parts & Accessories
bronco,野马,"90,902","11,194","-299,305",-3.74%,109,0.98%,"42,470",0.3,45,45,24.9%,2.7%,$23.99,361,4.5,$0.64,"3,311",42.00%,-502,-4.14%,"Automotive Parts & Accessories; Clothing, Shoes & Jewelry; Kindle Store"
ford bronco accessories 2022,福特野马配件 2022,"1,266,463",875,"-21,552",-4.06%,4,0.49%,"6,816",0.1,25,0,13.7%,7.2%,$19.99,317,4.5,$1.44,"-17,447",-95.22%,"-2,303",-57.76%,"Automotive Parts & Accessories; Clothing, Shoes & Jewelry"
bronco 2 door accessories,Bronco 2门配件,"1,336,699",816,"-18,802",-4.34%,6,0.76%,"9,706",0.1,23,1,27.1%,5.4%,$45.99,52,4.5,$2.46,,,-54,-8.19%,Automotive Parts & Accessories
ford bronco sport,福特野马运动,"710,897","1,981","-44,617",-4.44%,89,4.50%,"2,790",0.7,27,28,13.2%,1.7%,$39.99,186,4.5,$0.67,343,20.94%,-108,-5.10%,"Automotive Parts & Accessories; Clothing, Shoes & Jewelry"
bronco emblem,野马标志,"270,531","4,690","-74,920",-6.26%,79,1.70%,859,5.5,34,8,34.0%,4.0%,$24.99,31,4.5,$1.00,-121,-2.52%,-313,-6.26%,Automotive Parts & Accessories; Toys & Games; Computers
2023 bronco accessories 4 door,2023年野马配件4门,"560,352","2,528","-30,680",-8.24%,21,0.87%,"2,178",1.2,27,0,18.4%,6.4%,$22.99,151,4.5,$1.48,,,-227,-8.24%,Automotive Parts & Accessories
bronco license plate frame,野马车牌框架,"574,559","2,470","-29,475",-8.38%,238,9.64%,570,4.3,30,2,40.0%,6.8%,$19.99,22,4.5,$1.36,-50,-1.98%,-226,-8.38%,Automotive Parts & Accessories; Sports & Outdoors
bronco sport accessories 2021,野马运动配件 2021,"1,750,788",583,"-6,156",-9.47%,3,0.54%,"9,574",0.1,13,0,22.2%,1.6%,$28.99,97,4.5,$0.46,,,-61,-9.47%,Automotive Parts & Accessories; Cell Phones & Accessories
bronco stickers,野马贴纸,"1,951,747",501,"-5,235",-9.57%,31,6.36%,"4,573",0.1,12,0,43.7%,2.8%,$9.99,16,4.3,$0.28,-90,-15.23%,-53,-9.57%,Automotive Parts & Accessories; Sports & Outdoors; Computers
mabett bronco accessories,马贝特布朗克配件,"329,561","4,027","-41,644",-9.67%,69,1.72%,"1,263",3.2,30,0,22.9%,0.5%,$59.99,62,4.5,$0.31,,,-891,-16.66%,Automotive Parts & Accessories; Cell Phones & Accessories
ford bronco sunshade,福特野马遮阳篷,"1,046,048","1,187","-11,942",-9.94%,66,5.60%,454,2.6,28,2,31.0%,7.9%,$26.99,117,4.4,$2.13,416,53.96%,-131,-9.94%,Automotive Parts & Accessories
bronco cargo cover,野马货舱盖,"1,420,320",748,"-7,487",-9.99%,4,0.65%,"1,431",0.5,21,0,55.5%,1.6%,$59.99,8,3.7,$0.99,-57,-7.08%,-83,-9.99%,Automotive Parts & Accessories; Pet Supplies
bronco door sill protector,野马门槛保护器,"814,540","1,765","-17,270",-10.22%,23,1.35%,121,14.6,27,3,31.3%,1.5%,$27.99,68,4.3,$0.43,851,93.11%,-201,-10.22%,Automotive Parts & Accessories
bronco sport seat covers,野马运动座套,"2,203,271",379,"-3,143",-12.06%,4,1.07%,"1,162",0.3,13,0,35.7%,0.9%,$115.00,3,1.7,$0.99,,,-225,-34.30%,Automotive Parts & Accessories; Pet Supplies
bronco sport,野马运动,"389,302","3,510","-28,560",-12.29%,170,4.85%,"37,454",0.1,30,43,14.1%,3.5%,$22.95,14,4.5,$0.81,218,6.62%,-492,-12.29%,Automotive Parts & Accessories; Cell Phones & Accessories; Handmade
bronco fog lights,布朗科雾灯,"1,587,194",651,"-4,435",-14.68%,7,1.09%,863,0.8,19,0,57.5%,0.7%,$289.99,8,5.0,$2.11,,,-112,-14.68%,Automotive Parts & Accessories
bronco bimini top 4 door,野马比米尼顶级 4 门,"824,277","1,644","-11,191",-14.69%,19,1.20%,83,19.8,28,1,58.3%,4.1%,$49.99,52,3.7,$2.03,,,-283,-14.69%,Automotive Parts & Accessories
bronco sunshade,野马遮阳篷,"661,057","2,216","-14,714",-15.06%,32,1.47%,464,4.8,30,6,34.4%,7.9%,$25.99,106,4.3,$2.04,-34,-1.51%,-393,-15.06%,Automotive Parts & Accessories
2021 ford bronco accessories,2021年福特野马配件,"964,297","1,370","-8,788",-15.59%,13,0.96%,"9,680",0.1,28,0,25.7%,5.3%,$18.99,109,4.5,$1.01,"-2,867",-67.67%,-588,-42.70%,"Automotive Parts & Accessories; Cell Phones & Accessories; Clothing, Shoes & Jewelry"
2022 ford bronco accessories 4 door,2022年福特野马配件4门版,"2,264,429",339,"-2,163",-15.67%,2,0.86%,"4,042",0.1,12,0,18.5%,,$19.99,347,4.5,,,,-618,-47.45%,Automotive Parts & Accessories
bronco phone mount,野马手机支架,"744,866","1,906","-11,751",-16.22%,39,2.05%,476,4.0,26,2,29.1%,1.7%,$38.00,41,4.0,$0.64,"1,042",120.60%,-369,-16.22%,Cell Phones & Accessories; Automotive Parts & Accessories; Handmade
bronco bimini,野马汽车的比米尼,"2,275,821",331,"-2,017",-16.41%,4,1.40%,130,2.6,12,3,48.1%,4.2%,$49.99,52,3.7,$2.08,,,-65,-16.41%,Automotive Parts & Accessories
bronco front bumper,布朗科前保险杠,"2,070,243",448,"-2,678",-16.73%,2,0.65%,388,1.2,19,3,43.3%,0.4%,$399.99,1,5.0,$1.44,,,-90,-16.73%,Automotive Parts & Accessories
2021 bronco accessories,2021 野马配件,"1,619,428",638,"-3,793",-16.82%,3,0.54%,"9,910",0.1,18,0,23.1%,2.5%,$89.99,62,4.0,$2.21,-818,-56.18%,-173,-25.59%,"Automotive Parts & Accessories; Cell Phones & Accessories; Clothing, Shoes & Jewelry"
bronco side steps,布朗克侧阶,"2,009,360",476,"-2,789",-17.07%,4,0.93%,310,1.5,21,4,32.3%,0.9%,$206.39,25,4.5,$1.85,,,-98,-17.07%,Automotive Parts & Accessories
bronco sasquatch accessories,布朗科-萨斯奎特配件,"2,203,270",379,"-2,130",-17.79%,1,0.38%,780,0.5,13,0,28.6%,5.6%,$19.99,13,4.0,$1.12,,,-82,-17.79%,"Automotive Parts & Accessories; Clothing, Shoes & Jewelry"
bronco accessories 4 door,野马配件 4 门,"58,420","15,844","-84,321",-18.79%,63,0.40%,"10,403",1.5,63,0,13.0%,1.9%,$26.99,48,4.5,$0.51,"15,275","2,684.53%","-3,665",-18.79%,Automotive Parts & Accessories
ford bronco,福特野马,"150,999","7,459","-38,017",-19.62%,22,0.30%,"22,773",0.3,42,39,23.9%,5.8%,$15.16,8,4.5,$0.88,"-4,872",-39.51%,"-1,821",-19.62%,"Automotive Parts & Accessories; Clothing, Shoes & Jewelry; Home & Kitchen"
bronco lights,野马车灯,"1,664,880",620,"-2,936",-21.12%,14,2.41%,"4,377",0.1,14,0,34.2%,0.5%,$199.99,24,4.9,$1.01,,,-188,-21.12%,Automotive Parts & Accessories
bronco hood deflector,野马汽车引擎盖导流板,"1,846,170",545,"-2,579",-21.13%,12,2.29%,235,2.3,13,1,52.9%,1.3%,$99.99,34,4.0,$1.25,,,-146,-21.13%,Automotive Parts & Accessories
ford bronco sport key fob cover,福特布朗克运动型钥匙扣套,"1,759,568",580,"-2,736",-21.20%,2,0.38%,257,2.3,13,0,19.4%,,$16.99,14,3.4,,,,-156,-21.20%,Automotive Parts & Accessories
bronco roof rack,野马车顶架,"1,625,071",635,"-2,952",-21.51%,4,0.70%,213,3.0,18,2,46.1%,0.3%,$299.99,2,5.0,$0.85,,,-255,-26.37%,Automotive Parts & Accessories; Sports & Outdoors
ford bronco sport floor mats,福特野马运动地垫,"1,715,217",599,"-2,760",-21.70%,17,2.85%,513,1.2,13,1,43.3%,3.0%,$93.88,91,4.5,$2.78,,,-166,-21.70%,Automotive Parts & Accessories
iag bronco accessories,iag bronco配件,"876,306","1,500","-6,720",-22.32%,14,0.98%,591,2.5,28,0,21.1%,11.1%,$89.99,19,4.4,$10.00,,,-431,-22.32%,Automotive Parts & Accessories; Electronics
bronco cover 4 door,布朗克四门车罩,"1,664,878",620,"-2,654",-23.36%,4,0.76%,114,5.4,14,0,34.2%,1.5%,$74.89,180,4.3,$1.12,,,-189,-23.36%,Automotive Parts & Accessories
2023 bronco accessories,2023年的布朗克配件,"948,346","1,464","-5,901",-24.81%,1,0.10%,"3,921",0.4,27,0,12.6%,3.8%,$22.99,217,4.5,$0.88,,,-577,-24.81%,Automotive Parts & Accessories
bronco mabett,布朗科-马贝特,"1,239,302",899,"-3,549",-25.33%,19,2.19%,973,0.9,26,0,44.2%,0.9%,$149.99,15,4.0,$1.27,,,-613,-33.74%,Automotive Parts & Accessories
ford bronco spare tire cover,福特野马备胎罩,"2,082,717",442,"-1,727",-25.59%,10,2.38%,558,0.8,19,5,26.7%,1.1%,$39.99,20,3.7,$0.44,,,-152,-25.59%,Automotive Parts & Accessories
ford bronco tailgate table,福特野马尾箱表,"2,082,718",442,"-1,515",-29.17%,24,5.44%,23,19.2,19,2,40.0%,0.8%,$149.99,35,3.7,$1.21,,,-228,-29.17%,Automotive Parts & Accessories; Sports & Outdoors
bronco dash mount,野马汽车仪表盘支架,"1,706,796",602,"-2,046",-29.43%,17,2.87%,384,1.6,13,0,35.1%,3.2%,$39.99,10,4.5,$1.30,,,-251,-29.43%,Cell Phones & Accessories; Automotive Parts & Accessories
bronco bumper,野马保险杠,"1,750,786",583,"-1,954",-29.84%,12,2.18%,"1,838",0.3,13,2,50.0%,0.4%,$399.99,1,5.0,$1.46,,,-248,-29.84%,Automotive Parts & Accessories
2021 bronco sport accessories,2021 野马运动配件,"2,000,257",480,"-1,551",-30.94%,42,8.91%,"9,551",0.1,21,0,16.1%,5.7%,$15.68,104,4.0,$0.89,,,-215,-30.94%,Automotive Parts & Accessories; Cell Phones & Accessories
2022 bronco accessories 4 door,2022年野马汽车配件4门,"1,415,920",752,"-2,363",-31.82%,1,0.13%,"4,028",0.2,21,0,20.0%,7.6%,$19.99,217,4.5,$1.53,,,-351,-31.82%,Automotive Parts & Accessories
bronco hood struts,布朗克引擎盖支柱,"2,275,823",331,"-1,033",-32.03%,7,2.25%,191,1.7,12,1,62.9%,2.0%,$79.98,25,4.3,$1.57,,,-156,-32.03%,Automotive Parts & Accessories
bronco badlands accessories,布朗克坏境配件,"2,070,242",448,"-1,377",-32.53%,4,0.93%,664,0.7,19,0,20.0%,3.4%,$26.99,216,4.5,$0.93,,,-216,-32.53%,"Automotive Parts & Accessories; Clothing, Shoes & Jewelry"
bronco seat covers 2023,勃朗科座椅套 2023,"1,706,798",602,"-1,839",-32.74%,3,0.54%,383,1.6,13,0,35.1%,0.3%,$209.99,96,4.5,$0.64,,,-293,-32.74%,Automotive Parts & Accessories
bronco soft top,布朗科软顶,"2,134,838",417,"-1,241",-33.60%,3,0.74%,"1,594",0.3,18,1,41.4%,0.3%,$587.89,6,3.9,$1.80,,,-211,-33.60%,Automotive Parts & Accessories
trx4 bronco accessories,trx4 野马配件,"2,054,771",455,"-1,310",-34.72%,2,0.60%,"1,585",0.3,20,0,22.6%,1.8%,$39.99,272,4.5,$0.73,-344,-43.05%,-242,-34.72%,Toys & Games; Automotive Parts & Accessories
bronco phone mount dash,Bronco电话支架仪表盘,"2,275,825",331,-940,-35.23%,31,9.39%,262,1.3,12,0,48.1%,3.7%,$43.99,41,4.0,$1.61,,,-180,-35.23%,Cell Phones & Accessories; Automotive Parts & Accessories
bronco sun shade,布朗克遮阳板,"1,420,321",748,"-2,049",-36.50%,6,0.87%,566,1.3,21,2,42.2%,3.5%,$49.99,21,4.3,$1.73,,,-430,-36.50%,Automotive Parts & Accessories; Sports & Outdoors
bronco hard top removal lift,布朗克硬顶的拆卸升降机,"1,046,905","1,198","-3,251",-36.85%,13,1.09%,52,23.0,28,0,53.2%,0.1%,$639.99,715,4.5,$0.67,,,-699,-36.85%,Automotive Parts & Accessories; Tools & Home Improvement; Sports & Outdoors
ford bronco key fob cover 2023,福特野马钥匙扣盖 2023年,"1,266,464",875,"-2,373",-36.87%,4,0.57%,54,16.2,25,0,25.5%,4.9%,$13.99,129,4.5,$0.68,,,-511,-36.87%,Automotive Parts & Accessories
ford bronco door storage bags,福特野马车门储物袋,"2,290,731",318,-853,-37.28%,17,5.38%,500,0.6,11,0,55.5%,1.2%,$229.99,8,3.7,$2.69,-211,-39.89%,-189,-37.28%,Automotive Parts & Accessories
bronco interior accessories,布朗克内部配件,"2,203,268",379,-998,-37.97%,1,0.43%,"10,927",0.0,13,3,25.0%,4.2%,$35.99,31,4.0,$1.50,,,-232,-37.97%,Automotive Parts & Accessories
bronco sport sun shade,野马运动遮阳伞,"1,550,764",666,"-1,481",-44.96%,4,0.70%,382,1.7,19,1,53.7%,7.3%,$25.99,153,4.5,$1.89,147,28.32%,-544,-44.96%,Automotive Parts & Accessories
bronco antenna,布朗科天线,"2,275,820",331,-722,-45.83%,8,2.51%,433,0.8,12,2,29.6%,4.6%,$35.00,"1,708",4.4,$1.61,,,-280,-45.83%,Automotive Parts & Accessories
bronco accessories 2 door,野马配件2门,"844,049","1,552","-3,359",-46.20%,2,0.15%,"9,799",0.2,29,1,11.5%,3.7%,$54.99,3,5.0,$2.02,,,"-1,333",-46.20%,Automotive Parts & Accessories
bronco tube doors,野马管门,"1,420,322",748,"-1,614",-46.34%,8,1.20%,100,7.5,21,0,57.8%,0.2%,$499.99,2,4.5,$1.24,,,-646,-46.34%,Automotive Parts & Accessories
bronco front license plate bracket,Bronco前牌照托架,"2,070,244",448,-944,-47.48%,7,1.66%,301,1.5,19,1,60.0%,,$29.29,13,4.5,,,,-405,-47.48%,Automotive Parts & Accessories; Handmade
2023 ford bronco accessories 4 door,2023年福特野马配件4门版,"1,510,971",683,"-1,437",-47.54%,6,0.92%,"2,503",0.3,19,0,21.4%,,$27.99,151,4.5,,,,-619,-47.54%,Automotive Parts & Accessories
bronco foot pegs,布朗克脚踏板,"1,550,761",666,"-1,369",-48.65%,5,0.82%,145,4.6,19,1,48.8%,6.9%,$19.99,7,4.8,$1.38,,,-631,-48.65%,Automotive Parts & Accessories
bronco interior lights,野马车内灯,"2,275,824",331,-650,-50.96%,3,1.15%,"2,510",0.1,12,0,55.5%,1.5%,$119.99,11,4.0,$1.75,,,-344,-50.96%,Automotive Parts & Accessories
bronco center console cover,布朗科中央控制台盖,"2,275,822",331,-646,-51.25%,13,4.06%,843,0.4,12,0,51.8%,8.3%,$19.99,64,4.5,$1.66,,,-348,-51.25%,Automotive Parts & Accessories
bronco tailgate storage,布朗克尾门存储,"2,353,271",231,-435,-53.14%,6,2.65%,473,0.5,10,3,42.3%,1.6%,$58.99,13,3.7,$0.94,,,-262,-53.14%,Automotive Parts & Accessories; Electronics
bronco grab handles 2023,野马抓手2023,"2,070,245",448,-818,-54.79%,7,1.61%,8,56.0,19,0,33.3%,7.2%,$23.59,25,4.5,$1.69,,,-543,-54.79%,"Automotive Parts & Accessories; Toys & Games; Health, Household & Baby Care"
bronco sunglass holder,野马太阳镜架,"2,275,826",331,-572,-57.89%,7,2.41%,519,0.6,12,0,51.8%,6.5%,$18.99,5,3.7,$1.23,,,-455,-57.89%,Automotive Parts & Accessories
ford bronco 2023 accessories,福特Bronco 2023配件,"2,369,066",100,-161,-61.98%,1,0.71%,"4,212",0.0,8,0,23.1%,3.6%,$18.99,"2,839",4.5,$0.69,,,-374,-61.98%,Automotive Parts & Accessories
2022 ford bronco sport accessories,2022 福特野马运动配件,"2,264,430",339,-473,-71.70%,2,0.85%,"9,333",0.0,12,0,29.6%,,$29.99,186,4.5,,"-1,456",-81.11%,-859,-71.70%,Automotive Parts & Accessories; Cell Phones & Accessories
bronco grill lights,布朗克格栅灯,"2,353,269",231,-320,-72.20%,5,2.30%,678,0.3,10,0,61.5%,3.0%,$41.99,89,4.3,$1.26,,,-600,-72.20%,Automotive Parts & Accessories
2020 bronco sport accessories,2020年布朗克运动配件,"1,789,853",568,-750,-75.72%,2,0.48%,"6,029",0.1,13,0,100.0%,3.4%,$14.99,322,4.8,$0.51,,,"-1,771",-75.72%,Automotive Parts & Accessories
bronco top lift,布朗克顶部升降机,"2,436,149",100,-130,-76.80%,1,1.04%,"1,537",0.1,8,0,56.0%,0.1%,$639.99,55,4.3,$0.68,,,-331,-76.80%,"Automotive Parts & Accessories; Sports & Outdoors; Clothing, Shoes & Jewelry"
2023 ford bronco running boards 4 door,2023年福特野马的四门跑板,"2,423,098",100,-130,-77.01%,1,1.26%,55,1.8,8,0,52.0%,,$299.00,35,4.3,,,,-335,-77.01%,Automotive Parts & Accessories
ford bronco decal,福特野马贴花,"2,369,068",100,-126,-79.25%,1,0.59%,"2,516",0.0,8,0,26.9%,4.8%,$18.99,21,4.3,$0.92,,,-382,-79.25%,"Automotive Parts & Accessories; Clothing, Shoes & Jewelry; Computers"
bronco cargo liner,布朗科货物衬垫,"2,436,145",100,-126,-79.47%,1,1.21%,343,0.3,8,2,64.0%,2.9%,$119.68,127,4.5,$3.46,,,-387,-79.47%,Automotive Parts & Accessories
2022 ford bronco,2022年福特野马,"2,423,079",100,-124,-80.77%,1,0.81%,196,0.5,8,2,40.0%,0.5%,$119.99,48,4.5,$0.64,-726,-87.89%,-420,-80.77%,"Automotive Parts & Accessories; Clothing, Shoes & Jewelry"
bronco steering wheel cover,野马方向盘套,"2,436,148",100,-121,-82.58%,1,0.87%,"1,162",0.1,8,0,52.0%,3.3%,$16.99,15,3.5,$0.56,-613,-85.97%,-474,-82.58%,Automotive Parts & Accessories; Sports & Outdoors
ford bronco antenna,福特野马天线,"2,453,050",100,-120,-83.55%,5,5.60%,425,0.2,8,0,36.0%,19.2%,$19.99,"2,472",4.3,$3.83,-480,-82.76%,-508,-83.55%,Automotive Parts & Accessories