采购单号,经办人,当前状态,供应商,供应商货品编号,创建时间,时间节点,天数,预计到货时间,商家编码,货品编号,货品名称,货品简称,规格码,规格名称,分类,品牌,自定义属性1,自定义属性2,单价,折扣,采购总量,到货量,待采购量,采购在途量,总金额,采购已入库量,入库金额,未入库数量,未入库金额,发票数量,发票金额,仓库,税额,税后单价,税后金额,采购详情备注,备注,外部单号,税率,建单者,辅助数量,辅助单位,基本单位
CG202306270087,admin,部分到货,常州市云迪车辆部件有限公司,,2023/6/27,6月30日,3,2023-06-27 00:00:00,TPE23040303,TPE23040303,22-23rivian r1t/s tpe吸塑后排座椅下储物垫--米粒纹（KJ包销）,22-23rivian r1t/s tpe吸塑后排座椅下储物垫,,22-23rivian r1t/s tpe吸塑后排座椅下储物垫--米粒纹（KJ包销）,无,无,,,35,1.00,1,0,0,1,35,0,0,1,35,0,0.00,外贸部仓,0.00,35.0000,35,,,,0,赵迎霜,1,无,无
CG202306270087,admin,部分到货,常州市云迪车辆部件有限公司,,2023/6/27,6月30日,3,2023-06-27 00:00:00,FT22080207,FT22080207,21-23福特bronco越野版仪表台下底板+前排脚窝灯（2/4门）,21-23福特bronco越野版仪表台下底板+前排脚窝灯+后排脚窝灯（2/4门）,,21-23福特bronco越野版仪表台下底板+前排脚窝灯（2/4门）,无,福特bronco,,,110,1.00,5,0,0,5,550,0,0,5,550,0,0.00,外贸部仓,0.00,110.0000,550,,,,0,赵迎霜,5,无,无
CG202306270064,admin,部分到货,常州市云迪车辆部件有限公司,,2023/6/27,6月30日,3,2023-06-27 00:00:00,TSL22033001,TSL22033001,21-22特斯拉modely tpe吸塑脚垫（5座右驾）--竖条款米粒纹（leo包销）,21-22特斯拉modely tpe吸塑脚垫（5座右驾）--竖条款（leo包销）,,21-22特斯拉modely tpe吸塑脚垫（5座右驾）--竖条款米粒纹（leo包销）,无,特斯拉,,,110,1.00,30,0,0,30,3300,0,0,30,3300,0,0.00,外贸部仓,0.00,110.0000,3300,,,,0,赵迎霜,30,无,无
CG202306260041,admin,部分到货,常州市云迪车辆部件有限公司,,2023/6/26,6月30日,4,2023-06-26 00:00:00,TSL22033001,TSL22033001,21-22特斯拉modely tpe吸塑脚垫（5座右驾）--竖条款米粒纹（leo包销）,21-22特斯拉modely tpe吸塑脚垫（5座右驾）--竖条款（leo包销）,,21-22特斯拉modely tpe吸塑脚垫（5座右驾）--竖条款米粒纹（leo包销）,无,特斯拉,,,110,1.00,1,0,0,1,110,0,0,1,110,0,0.00,外贸部仓,0.00,110.0000,110,,  追加:售后免费补发,,0,赵迎霜,1,无,无
CG202306260033,何兵兵,部分到货,镇江文一汽车用品有限公司,,2023/6/26,6月30日,4,2023-06-26 11:29:11,TSL22102402,TSL22102402,21-23特斯拉modely后备箱垫（5座）--皮革全包6件套（黑线款）,21-23特斯拉modely后备箱垫（5座）--皮革全包6件套（黑线款）,,21-23特斯拉modely后备箱垫（5座）--皮革全包6件套（黑线款）,无,特斯拉,,,95,1.00,30,0,0,30,2850,0,0,30,2850,0,0.00,外贸部仓,0.00,95.0000,2850,,,,0,何兵兵,30,无,无
CG202306250132,admin,部分到货,常州市云迪车辆部件有限公司,,2023/6/25,6月30日,5,2023-06-25 00:00:00,TSL21102104-04,TSL21102104,21-23特斯拉modely后唇--哑黑（包围套件）,21-23特斯拉modely后唇,,21-23特斯拉modely后唇--哑黑（包围套件）（双层气泡袋装，贴标签）,无,特斯拉,,,0,1.00,10,0,0,1,0,9,0,1,0,0,0.00,外贸部仓,0.00,0.0000,0,,,,0,赵迎霜,10,无,无
CG202306250087,admin,部分到货,常州市云迪车辆部件有限公司,,2023/6/25,6月30日,5,2023-06-25 00:00:00,TSL23033005,TSL23033005,21-23特斯拉modely tpe吸塑后备箱垫（含椅背）（5座）--连体细条纹款无标（米粒纹）,21-23特斯拉modely tpe吸塑后备箱垫（含椅背）（5座）--连体,,21-23特斯拉modely tpe吸塑后备箱垫（含椅背）（5座）--连体细条纹款无标（米粒纹）,无,特斯拉,,,75,1.00,20,0,0,9,1500,11,825,9,675,0,0.00,外贸部仓,0.00,75.0000,1500,,,,0,赵迎霜,20,无,无
CG202306250087,admin,部分到货,常州市云迪车辆部件有限公司,,2023/6/25,6月30日,5,2023-06-25 00:00:00,TSL22082402,TSL22082402,21-23特斯拉modely tpe吸塑后备箱垫（5座）--竖条纹款米粒纹带Y标（WM包销）,21-23特斯拉modely tpe吸塑后备箱垫（5座）--竖条纹款带Y标（WM包销）,,21-23特斯拉modely tpe吸塑后备箱垫（5座）--竖条纹款米粒纹带Y标（WM包销）,无,特斯拉,,,45,1.00,20,0,0,2,900,18,810,2,90,0,0.00,外贸部仓,0.00,45.0000,900,,,,0,赵迎霜,20,无,无
CG202306250077,admin,部分到货,常州市云迪车辆部件有限公司,,2023/6/25,6月30日,5,2023-06-25 00:00:00,FT22022504,FT22022504,21-23福特mache tpe吸塑脚垫--米粒纹,21-23福特mache tpe吸塑脚垫,,21-23福特mache tpe吸塑脚垫--米粒纹,无,福特mache,,,110,1.00,10,0,0,10,1100,0,0,10,1100,0,0.00,外贸部仓,0.00,110.0000,1100,,,,0,赵迎霜,10,无,无
CG202306210016,admin,部分到货,常州市云迪车辆部件有限公司,,2023/6/21,6月30日,9,2023-06-21 13:47:33,ZHZ23040704,ZHZ23040704,21-23特斯拉modely左右储物盒--原车款（桶+带拉绳盖板）6套装,21-23特斯拉modely左右储物盒--原车款TPE桶,,21-23特斯拉modely左右储物盒--原车款（桶+带拉绳盖板）6套装,组合装,特斯拉,,,354,1.00,10,0,0,5,3540,5,1770,5,1770,0,0.00,外贸部仓,0.00,354.0000,3540,,,,0,赵迎霜,10,无,无
CG202306190018,何兵兵,部分到货,常州市云迪车辆部件有限公司,,2023/6/19,6月30日,11,2023-06-19 09:53:00,FT22031812,FT22031812,21-23福特bronco越野版升降面板（4门高配）--哑碳2件套,21-23福特bronco越野版升降面板（4门高配）,,21-23福特bronco越野版升降面板（4门高配）--哑碳2件套,无,福特bronco,,,45,1.00,108,0,0,63,4860,45,2025,63,2835,0,0.00,外贸部仓,0.00,45.0000,4860,,  追加:售后免费补发,,0,何兵兵,108,无,无
CG202306160058,admin,部分到货,常州市云迪车辆部件有限公司,,2023/6/16,6月30日,14,2023-06-16 00:00:00,ZHZ23040705,ZHZ23040705,22-23特斯拉modely左右储物盒（柏林/奥斯汀产）--原车款（桶+带拉绳盖板）6套装,22-23特斯拉modely左右储物盒（柏林/奥斯汀产）--原车款（桶+带拉绳盖板）,,22-23特斯拉modely左右储物盒（柏林/奥斯汀产）--原车款（桶+带拉绳盖板）6套装,组合装,特斯拉,,,366,1.00,50,0,0,50,18300,0,0,50,18300,0,0.00,外贸部仓,0.00,366.0000,18300,,,,0,赵迎霜,50,无,无
CG202306120069,admin,部分到货,清河县航腾汽车配件有限公司,,2023/6/12,6月30日,18,2023-06-12 16:45:19,TYJ22061301,TYJ22061301,轮毂帽拆卸拉钩,轮毂帽拆卸拉钩,,轮毂帽拆卸拉钩,无,通用件,,,0.34,1.00,100,0,0,1,34,99,33.66,1,0.34,0,0.00,外贸部仓,0.00,0.3400,34,,,,0,李铭,100,无,无
CG202306100016,admin,部分到货,广州芮驰汽车用品有限公司,,2023/6/10,6月30日,20,2023-06-11 15:05:23,TSL23060805,TSL23060805,17-23特斯拉model3/y车门拉手贴纸--亮碳,17-23特斯拉model3/y车门拉手贴纸,,17-23特斯拉model3/y车门拉手贴纸--亮碳,无,特斯拉,,,4,1.00,100,0,0,2,400,98,392,2,8,0,0.00,外贸部仓,0.00,4.0000,400,,,,0,李铭,100,无,无
CG202306080080,admin,部分到货,广州徕格汽车配件有限公司,,2023/6/8,6月30日,22,2023-06-09 18:08:05,TSL23060703,TSL23060703,21-23特斯拉modely尾翼--真碳原车款b款（哑光干碳）,21-23特斯拉modely尾翼--真碳原车款（干碳）,,21-23特斯拉modely尾翼--真碳原车款b款（哑光干碳）,无,特斯拉,,,380,1.00,75,0,0,75,28500,0,0,75,28500,0,0.00,外贸部仓,0.00,380.0000,28500,,,,0,李铭,75,无,无
CG202306080080,admin,部分到货,广州徕格汽车配件有限公司,,2023/6/8,6月30日,22,2023-06-09 18:08:05,TSL23060702,TSL23060702,17-23特斯拉model3尾翼--真碳原车款b款（哑光干碳）,17-23特斯拉model3尾翼--真碳原车款（干碳）,,17-23特斯拉model3尾翼--真碳原车款b款（哑光干碳）,无,特斯拉,,,375,1.00,25,0,0,15,9375,10,3750,15,5625,0,0.00,外贸部仓,0.00,375.0000,9375,,,,0,李铭,25,无,无
CG202306080044,admin,部分到货,常州布克箱包有限公司,,2023/6/8,6月30日,22,2023-06-23 00:00:00,TSL22030501,TSL22030501,17-23特斯拉model3/y冰包（餐包）--保温（冷）防水款,17-23特斯拉model3/y冰包（餐包）--保温（冷）防水款,,17-23特斯拉model3/y冰包（餐包）--保温（冷）防水款,无,特斯拉,,,52,1.00,80,0,0,40,4160,40,2080,40,2080,0,0.00,外贸部仓,0.00,52.0000,4160,,,,0,赵迎霜,80,无,无
CG202306080026,admin,部分到货,常州市云迪车辆部件有限公司,,2023/6/8,6月30日,22,2023-06-08 00:00:00,FT22070201,FT22070201,21-23福特bronco越野版备胎罩（32英寸）--亮黑底+亮黑盖板（无字款）,21-23福特bronco越野版备胎罩（32英寸）--abs,,21-23福特bronco越野版备胎罩（32英寸）--亮黑底+亮黑盖板（无字款）,无,福特bronco,,,180,1.00,10,0,0,10,1800,0,0,10,1800,0,0.00,外贸部仓,0.00,180.0000,1800,,,,0,赵迎霜,10,无,无
CG202306050061,admin,部分到货,广州徕格汽车配件有限公司,,2023/6/5,6月30日,25,2023-06-06 14:12:49,TSL21052201,TSL21052201,17-23特斯拉model3尾翼--真碳原车款（哑光干碳）,17-23特斯拉model3尾翼--真碳原车款（干碳）,,17-23特斯拉model3尾翼--真碳原车款（哑光干碳）,无,特斯拉,,,380,1.00,1,0,0,1,380,0,0,1,380,0,0.00,外贸部仓,0.00,380.0000,380,,,,0,李铭,1,无,无
CG202306050061,admin,部分到货,广州徕格汽车配件有限公司,,2023/6/5,6月30日,25,2023-06-06 14:12:49,TSL21052202,TSL21052202,17-23特斯拉model3尾翼--真碳原车款（亮光干碳）,17-23特斯拉model3尾翼--真碳原车款（干碳）,8708299000,17-23特斯拉model3尾翼--真碳原车款（亮光干碳）,无,特斯拉,,,380,1.00,50,0,0,45,19000,5,1900,45,17100,0,0.00,外贸部仓,0.00,380.0000,19000,,,,0,李铭,50,无,无
CG202306050061,admin,部分到货,广州徕格汽车配件有限公司,,2023/6/5,6月30日,25,2023-06-06 14:12:49,TSL20070766,TSL20070766,21-23特斯拉modely尾翼--真碳原车款（亮光干碳）,21-23特斯拉modely尾翼--真碳原车款（干碳）,,21-23特斯拉modely尾翼--真碳原车款（亮光干碳）,无,特斯拉,,,380,1.00,50,0,0,50,19000,0,0,50,19000,0,0.00,外贸部仓,0.00,380.0000,19000,,,,0,李铭,50,无,无
CG202306020113,admin,部分到货,广州徕格汽车配件有限公司,,2023/6/2,6月30日,28,2023-06-03 20:48:06,TSL23012907,TSL23012907,16-23特斯拉models尾门饰条--真碳哑光,16-23特斯拉models尾门饰条--真碳,,16-23特斯拉models尾门饰条--真碳哑光,无,特斯拉,,,220,1.00,10,0,0,4,2200,6,1320,4,880,0,0.00,外贸部仓,0.00,220.0000,2200,,,,0,李铭,10,无,无
CG202306020113,admin,部分到货,广州徕格汽车配件有限公司,,2023/6/2,6月30日,28,2023-06-03 20:48:06,TSL23040501,TSL23040501,16-23特斯拉models尾门饰条--真碳亮光,16-23特斯拉models尾门饰条--真碳,,16-23特斯拉models尾门饰条--真碳亮光,无,特斯拉,,,220,1.00,10,0,0,2,2200,8,1760,2,440,0,0.00,外贸部仓,0.00,220.0000,2200,,,,0,李铭,10,无,无
CG202306020113,admin,部分到货,广州徕格汽车配件有限公司,,2023/6/2,6月30日,28,2023-06-03 20:48:06,TSL23022309,TSL23022309,16-23特斯拉models车门拉手--真碳亮光,16-23特斯拉models车门拉手--真碳,,16-23特斯拉models车门拉手--真碳亮光,无,特斯拉,,,220,1.00,30,0,0,30,6600,0,0,30,6600,0,0.00,外贸部仓,0.00,220.0000,6600,,,,0,李铭,30,无,无
CG202306020113,admin,部分到货,广州徕格汽车配件有限公司,,2023/6/2,6月30日,28,2023-06-03 20:48:06,TSL23013101,TSL23013101,12-20特斯拉models/x中控屏幕装饰罩--真碳亮光,12-20特斯拉models/x中控屏幕装饰罩,,12-20特斯拉models/x中控屏幕装饰罩--真碳亮光,无,特斯拉,,,400,1.00,30,0,0,30,12000,0,0,30,12000,0,0.00,外贸部仓,0.00,400.0000,12000,,,,0,李铭,30,无,无
CG202305270053,admin,部分到货,饶平县展宏汽车用品厂,,2023/5/27,6月30日,34,2023-05-28 15:16:14,TYJ19102703,TYJ19102703,多功能眼镜夹--银色opp袋,多功能眼镜夹--银色opp袋,3921909000,多功能眼镜夹--银色opp袋,无,通用件,,,2,1.00,300,0,0,2,600,298,596,2,4,0,0.00,外贸部仓,0.00,2.0000,600,,,,0,李铭,300,无,无
CG202305260039,admin,部分到货,广州徕格汽车配件有限公司,,2023/5/26,6月30日,35,2023-05-27 16:02:50,TSL23012907,TSL23012907,16-23特斯拉models尾门饰条--真碳哑光,16-23特斯拉models尾门饰条--真碳,,16-23特斯拉models尾门饰条--真碳哑光,无,特斯拉,,,220,1.00,10,0,0,3,2200,7,1540,3,660,0,0.00,外贸部仓,0.00,220.0000,2200,,,,0,李铭,10,无,无
CG202305260039,admin,部分到货,广州徕格汽车配件有限公司,,2023/5/26,6月30日,35,2023-05-27 16:02:50,TSL23013102,TSL23013102,12-20特斯拉models/x中控屏幕装饰罩--真碳哑光,12-20特斯拉models/x中控屏幕装饰罩,,12-20特斯拉models/x中控屏幕装饰罩--真碳哑光,无,特斯拉,,,400,1.00,20,0,0,7,8000,13,5200,7,2800,0,0.00,外贸部仓,0.00,400.0000,8000,,,,0,李铭,20,无,无
CG202305240042,admin,部分到货,常州市德茂车辆配件有限公司,,2023/5/24,6月30日,37,2023-05-24 00:00:00,FT22050703,FT22050703,21-23福特bronco越野版侧踏板（2门）--原厂款铝合金,21-23福特bronco越野版侧踏板（2门）--原厂款铝合金,,21-23福特bronco越野版侧踏板（2门）--原厂款铝合金,无,福特bronco,,,500,1.00,10,0,0,10,5000,0,0,10,5000,0,0.00,外贸部仓,0.00,500.0000,5000,,,,0,彭丹,10,无,无
CG202305230028,admin,部分到货,广州徕格汽车配件有限公司,,2023/5/23,6月30日,38,2023-05-24 14:30:33,TSL23013101,TSL23013101,12-20特斯拉models/x中控屏幕装饰罩--真碳亮光,12-20特斯拉models/x中控屏幕装饰罩,,12-20特斯拉models/x中控屏幕装饰罩--真碳亮光,无,特斯拉,,,400,1.00,20,0,0,4,8000,16,6400,4,1600,0,0.00,外贸部仓,0.00,400.0000,8000,,,,0,李铭,20,无,无
CG202305080035,admin,部分到货,广州徕格汽车配件有限公司,,2023/5/8,6月30日,53,2023-05-09 13:40:07,TSL20071302,TSL20071302,21-23特斯拉modely尾翼--真碳原车款（哑光干碳）,21-23特斯拉modely尾翼--真碳原车款（干碳）,,21-23特斯拉modely尾翼--真碳原车款（哑光干碳）,无,特斯拉,,,380,1.00,30,0,0,9,11400,21,7980,9,3420,0,0.00,外贸部仓,0.00,380.0000,11400,,,,0,李铭,30,无,无
CG202304280138,admin,部分到货,广州徕格汽车配件有限公司,,2023/4/28,6月30日,63,2023-04-29 16:43:14,TSL20070766,TSL20070766,21-23特斯拉modely尾翼--真碳原车款（亮光干碳）,21-23特斯拉modely尾翼--真碳原车款（干碳）,,21-23特斯拉modely尾翼--真碳原车款（亮光干碳）,无,特斯拉,,,350,1.00,5,0,0,4,1750,1,350,4,1400,0,0.00,外贸部仓,0.00,350.0000,1750,,,,0,李铭,5,无,无
CG202304070029,admin,部分到货,丹阳市百事恒新车业有限公司 ,,2023/4/7,6月30日,84,2023-04-07 00:00:00,FT22072205,FT22072205,21-23福特bronco越野版管门（4门）--后门一对装（C款V022定制）,21-23福特bronco越野版管门（4门）--C款V022定制标,8302490000,21-23福特bronco越野版管门（4门）--后门一对装（C款V022定制）,无,福特bronco,,,563,1.00,100,0,0,100,56300,0,0,100,56300,0,0.00,外贸部仓,0.00,563.0000,56300,,,,0,赵迎霜,100,无,无
CG202304070029,admin,部分到货,丹阳市百事恒新车业有限公司 ,,2023/4/7,6月30日,84,2023-04-07 00:00:00,FT22071701,FT22071701,21-23福特bronco越野版管门（4门）--前门一对装（C款V022定制标）,21-23福特bronco越野版管门（4门）--C款V022定制标,8302490000,21-23福特bronco越野版管门（4门）--前门一对装（C款V022定制标）,无,福特bronco,,,655,1.00,100,0,0,100,65500,0,0,100,65500,0,0.00,外贸部仓,0.00,655.0000,65500,,,,0,赵迎霜,100,无,无
CG202303030039,admin,部分到货,东莞山谷运动休闲娱乐用品有限公司,,2023/3/3,6月30日,119,2023-03-04 13:30:04,TYP22111701,TYP22111701,电动真空抽气机--车载款,电动真空抽气机--车载款,,电动真空抽气机--车载款,无,通用件,,,61.5,1.00,249,0,0,30,15313.5,219,13468.5,30,1845,0,0.00,外贸部仓,0.00,61.5000,15313.5,,,,0,李铭,249,无,无
CG202306300103,何兵兵,已审核,镇江文一汽车用品有限公司,,2023/6/30,6月30日,0,2023-06-30 14:57:51,TSL21060402,TSL21060402,17-23特斯拉model3/y头枕--麂面白色无标（一只装),17-23特斯拉model3/y头枕--麂面,,17-23特斯拉model3/y头枕--麂面白色无标（一只装）,无,特斯拉,,,22,1.00,30,0,0,30,660,0,0,30,660,0,0.00,外贸部仓,0.00,22.0000,660,,,,0,何兵兵,30,无,无
CG202306300103,何兵兵,已审核,镇江文一汽车用品有限公司,,2023/6/30,6月30日,0,2023-06-30 14:57:51,TSL20031409,TSL20031409,17-23特斯拉model3遮阳挡--前挡铝箔全银,17-23特斯拉model3遮阳挡--前挡铝箔,,17-23特斯拉model3遮阳挡--前挡铝箔全银,遮阳挡,特斯拉,,,12,1.00,15,0,0,15,180,0,0,15,180,0,0.00,外贸部仓,0.00,12.0000,180,,,,0,何兵兵,15,无,无
CG202306300102,何兵兵,已审核,瀚林（东莞）汽车用品有限公司,,2023/6/30,6月30日,0,2023-07-10 14:57:51,TSL21080704,TSL21080704,21-23特斯拉model3（海外版）遮阳挡--天窗网纱全遮款（前+后）黑色,21-23特斯拉model3（海外版）遮阳挡--天窗网纱,,21-23特斯拉model3（海外版）遮阳挡--天窗网纱全遮款（前+后）黑色（不带遮光布）,遮阳挡,特斯拉,,,44,1.00,13,0,0,13,572,0,0,13,572,0,0.00,外贸部仓,0.00,44.0000,572,,,,0,何兵兵,13,无,无
CG202306300101,admin,已审核,新北区孟河德松汽配制造厂,,2023/6/30,6月30日,0,2023-06-30 00:00:00,TSL20010203,TSL20010203,17-23特斯拉model3/s/x轮毂中心盖--整套盒装(亮黑底红3标牌+哑黑轮毂帽）,17-23特斯拉model3/s/x轮毂中心盖,,17-23特斯拉model3/s/x轮毂中心盖--整套盒装(亮黑底红3标牌+哑黑轮毂帽）,无,特斯拉,,,15.5,1.00,15,0,0,15,232.5,0,0,15,232.5,0,0.00,外贸部仓,0.00,15.5000,232.5,,,,0,赵迎霜,15,无,无
CG202306300096,admin,已审核,常州鑫君和车辆饰件有限公司,,2023/6/30,6月30日,0,2023-07-10 17:02:00,TSL20071801,TSL20071801,17-20特斯拉model3 3d压模脚垫（右驾）--斜条纹款,17-20特斯拉model3 3d压模脚垫（右驾）,,17-20特斯拉model3 3d压模脚垫（右驾）--斜条纹款,无,特斯拉,,,115,1.00,30,0,0,30,3450,0,0,30,3450,0,0.00,外贸部仓,0.00,115.0000,3450,,,,0,赵迎霜,30,无,无
CG202306300095,admin,已审核,常州市云迪车辆部件有限公司,,2023/6/30,6月30日,0,2023-06-30 00:00:00,TSL22090702,TSL22090702,21-22特斯拉model3 tpe吸塑脚垫（右驾）--低边竖条纹款米粒纹（leo包销）,21-22特斯拉model3 tpe吸塑脚垫（右驾）--低边竖条纹款（leo包销）,,21-22特斯拉model3 tpe吸塑脚垫（右驾）--低边竖条纹款米粒纹（leo包销）,无,特斯拉,,,110,1.00,30,0,0,30,3300,0,0,30,3300,0,0.00,外贸部仓,0.00,110.0000,3300,,,,0,赵迎霜,30,无,无
CG202306300095,admin,已审核,常州市云迪车辆部件有限公司,,2023/6/30,6月30日,0,2023-06-30 00:00:00,TSL22033001,TSL22033001,21-22特斯拉modely tpe吸塑脚垫（5座右驾）--竖条款米粒纹（leo包销）,21-22特斯拉modely tpe吸塑脚垫（5座右驾）--竖条款（leo包销）,,21-22特斯拉modely tpe吸塑脚垫（5座右驾）--竖条款米粒纹（leo包销）,无,特斯拉,,,110,1.00,100,0,0,100,11000,0,0,100,11000,0,0.00,外贸部仓,0.00,110.0000,11000,,,,0,赵迎霜,100,无,无
CG202306300091,admin,已审核,常州市尖美车辆配件有限公司,,2023/6/30,6月30日,0,2023-06-30 00:00:00,TSL22011703,TSL22011703,17-23特斯拉model3横杆--高质量升级款（带锁）,17-23特斯拉model3横杆--高质量款,TSL22011703,17-23特斯拉model3横杆--高质量升级款（带锁）,无,特斯拉,,,340,1.00,10,0,0,10,3400,0,0,10,3400,0,0.00,外贸部仓,0.00,340.0000,3400,,,,0,赵迎霜,10,无,无
CG202306300091,admin,已审核,常州市尖美车辆配件有限公司,,2023/6/30,6月30日,0,2023-06-30 00:00:00,TSL22011704,TSL22011704,21-23特斯拉modely横杆--高质量升级款（带锁）,21-23特斯拉modely横杆--高质量升级款,,21-23特斯拉modely横杆--高质量升级款（带锁）,无,特斯拉,,,340,1.00,80,0,0,80,27200,0,0,80,27200,0,0.00,外贸部仓,0.00,340.0000,27200,,,,0,赵迎霜,80,无,无
CG202306300089,admin,已审核,常州市尖美车辆配件有限公司,,2023/6/30,6月30日,0,2023-06-30 16:41:51,TSL22011704,TSL22011704,21-23特斯拉modely横杆--高质量升级款（带锁）,21-23特斯拉modely横杆--高质量升级款,,21-23特斯拉modely横杆--高质量升级款（带锁）,无,特斯拉,,,340,1.00,70,0,0,70,23800,0,0,70,23800,0,0.00,外贸部仓,0.00,340.0000,23800,,  追加:售后免费补发,,0,赵迎霜,70,无,无
CG202306300083,admin,已审核,义乌市安驰日用品有限公司,,2023/6/30,6月30日,0,2023-07-01 16:16:39,TYP23032701,TYP23032701,车载宠物篮--灰色（无标款）,车载宠物篮--灰色,,车载宠物篮--灰色（无标款）,无,通用件,,,51,1.00,72,0,0,72,3672,0,0,72,3672,0,0.00,外贸部仓,0.00,51.0000,3672,,,,0,李铭,72,无,无
CG202306300082,admin,已审核,深圳市英盛通电子有限公司,,2023/6/30,6月30日,0,2023-06-30 16:16:39,TSL21121304,TSL21121304,21-23特斯拉model3/y中控悬浮拓展坞（hub）--A款（2USB+2TYPEC）,21-23特斯拉model3/y中控悬浮拓展坞（hub）--A款（2USB+2TYPEC）,,21-23特斯拉model3/y中控悬浮拓展坞（hub）--A款（2USB+2TYPEC）,无,特斯拉,,,70,1.00,20,0,0,20,1400,0,0,20,1400,0,0.00,外贸部仓,0.00,70.0000,1400,,,,0,李铭,20,无,无
CG202306300081,admin,已审核,广州市弟仔汽车用品有限公司,,2023/6/30,6月30日,0,2023-06-30 16:16:39,TSL21011803,TSL21011803,特斯拉气门嘴帽--铝合金蓝色无标（4个装）,特斯拉气门嘴帽--铝合金蓝色无标（4个装）,,特斯拉气门嘴帽--铝合金蓝色无标（4个装）,无,特斯拉,,,4.8,1.00,20,0,0,20,96,0,0,20,96,0,0.00,外贸部仓,0.00,4.8000,96,,,,0,李铭,20,无,无
CG202306300080,admin,已审核,深圳市双龙荟科技有限公司,,2023/6/30,6月30日,0,2023-07-01 16:16:39,TSL23062802,TSL23062802,17-23特斯拉model3/y头枕+后排多功能支架--翻毛皮款,17-23特斯拉model3/y头枕+后排多功能支架,,17-23特斯拉model3/y头枕+后排多功能支架--翻毛皮款,无,特斯拉,,,158,1.00,3,0,0,3,474,0,0,3,474,0,0.00,外贸部仓,0.00,158.0000,474,,,,0,李铭,3,无,无
CG202306300080,admin,已审核,深圳市双龙荟科技有限公司,,2023/6/30,6月30日,0,2023-07-01 16:16:39,TSL23062803,TSL23062803,17-23特斯拉model3/y头枕+后排多功能支架--纳帕皮款,17-23特斯拉model3/y头枕+后排多功能支架,,17-23特斯拉model3/y头枕+后排多功能支架--纳帕皮款,无,特斯拉,,,158,1.00,12,0,0,12,1896,0,0,12,1896,0,0.00,外贸部仓,0.00,158.0000,1896,,,,0,李铭,12,无,无
CG202306300079,admin,已审核,武汉鸿福创品汽车装饰配件有限公司,,2023/6/30,6月30日,0,2023-06-30 16:16:39,TYP23042901,TYP23042901,汽车座椅缝隙塞--1对装（无标）,汽车座椅缝隙塞--1对装（无标）,,汽车座椅缝隙塞--1对装（无标）,无,通用件,,,18,1.00,10,0,0,10,180,0,0,10,180,0,0.00,外贸部仓,0.00,18.0000,180,,,,0,李铭,10,无,无
CG202306300077,admin,已审核,佛山市艾薇汽车科技有限公司,,2023/6/30,6月30日,0,2023-06-30 16:16:39,TSL22032201,TSL22032201,21-23特斯拉modely座椅下出风口保护罩--带Y字标黑色一对装（w）,21-23特斯拉modely座椅下出风口保护罩--带Y字标黑色（w）,,21-23特斯拉modely座椅下出风口保护罩--带Y字标黑色一对装（w）,无,特斯拉,,,4.9,1.00,16,0,0,16,78.4,0,0,16,78.4,0,0.00,外贸部仓,0.00,4.9000,78.4,,,,0,李铭,16,无,无
CG202306300076,admin,已审核,常州市煜祺汽车科技有限公司?,,2023/6/30,6月30日,0,2023-06-30 16:16:42,MY00000201,MY00000201,备注-发货备注（仓库注意点）,备注-发货备注（仓库注意点）,,备注-发货备注（仓库注意点）,无,通用件,,,0,1.00,1,0,0,1,0,0,0,1,0,0,0.00,外贸部仓,0.00,0.0000,0,,236套手机支架的内盒,,0,赵迎霜,1,无,无
CG202306300075,admin,已审核,广州创意汽车用品有限公司,,2023/6/30,6月30日,0,2023-06-30 16:16:39,TSL22051605,TSL22051605,17-23特斯拉model3/y露营床垫头挡--法兰绒,17-23特斯拉model3/y露营床垫头挡--法兰绒,,17-23特斯拉model3/y露营床垫头挡--法兰绒,无,特斯拉,,,128,1.00,65,0,0,65,8320,0,0,65,8320,0,0.00,外贸部仓,0.00,128.0000,8320,,,,0,李铭,65,无,无
CG202306300069,admin,已审核,常州市云迪车辆部件有限公司,,2023/6/30,6月30日,0,2023-06-30 00:00:00,FT22061701,FT22061701,21-23福特bronco越野版挡泥板（2/4门）--免打孔款前轮2片装（V022定制款）,21-23福特bronco越野版挡泥板（2/4门）--免打孔款4片装（V022定制款）,3926909090,21-23福特bronco越野版挡泥板（2/4门）--免打孔款前轮2片装（V022定制款）,无,福特bronco,,,55,1.00,12,0,0,12,660,0,0,12,660,0,0.00,外贸部仓,0.00,55.0000,660,,,,0,赵迎霜,12,无,无
CG202306300068,何兵兵,已审核,镇江文一汽车用品有限公司,,2023/6/30,6月30日,0,2023-06-30 14:57:51,FT22072001,FT22072001,21-23福特bronco越野版扶手箱套（2/4门）--PVC皮黑色（方格纹带网兜）,21-23福特bronco越野版扶手箱套（2/4门）--皮革,,21-23福特bronco越野版扶手箱套（2/4门）--PVC皮黑色（方格纹带网兜）,无,福特bronco,,,23,1.00,1,0,0,1,23,0,0,1,23,0,0.00,外贸部仓,0.00,23.0000,23,,,,0,何兵兵,1,无,无
CG202306300068,何兵兵,已审核,镇江文一汽车用品有限公司,,2023/6/30,6月30日,0,2023-06-30 14:57:51,FT22041503,FT22041503,21-23福特bronco越野版遮阳挡（2/4门）--前挡折叠款（涂银布+pe板）,21-23福特bronco越野版遮阳挡（2/4门）--前挡折叠款（涂银布+pe板）,,21-23福特bronco越野版遮阳挡（2/4门）--前挡折叠款（涂银布+pe板）,无,福特bronco,,,28,1.00,4,0,0,4,112,0,0,4,112,0,0.00,外贸部仓,0.00,28.0000,112,,,,0,何兵兵,4,无,无
CG202306300068,何兵兵,已审核,镇江文一汽车用品有限公司,,2023/6/30,6月30日,0,2023-06-30 14:57:51,TSL22040907,TSL22040907,17-23特斯拉model3/y前排座椅防踢垫--全包边款黑色2片装,17-23特斯拉model3/y前排座椅防踢垫,,17-23特斯拉model3/y前排座椅防踢垫--全包边款黑色2片装,无,特斯拉,,,40,1.00,16,0,0,16,640,0,0,16,640,0,0.00,外贸部仓,0.00,40.0000,640,,,,0,何兵兵,16,无,无
CG202306300068,何兵兵,已审核,镇江文一汽车用品有限公司,,2023/6/30,6月30日,0,2023-06-30 14:57:51,FT22022505,FT22022505,21-23福特bronco越野版遮阳挡（2/4门）--前挡铝箔,21-23福特bronco越野版遮阳挡（2/4门）--前挡铝箔,7607200000,21-23福特bronco越野版遮阳挡（2/4门）--前挡铝箔（不带内盒）,无,福特bronco,,,10,1.00,1,0,0,1,10,0,0,1,10,0,0.00,外贸部仓,0.00,10.0000,10,,,,0,何兵兵,1,无,无
CG202306300068,何兵兵,已审核,镇江文一汽车用品有限公司,,2023/6/30,6月30日,0,2023-06-30 14:57:51,TSL21012003,TSL21012003,17-23特斯拉model3/y导航屏幕罩--黑色无字,17-23特斯拉model3/y导航屏幕罩,,17-23特斯拉model3/y导航屏幕罩--黑色无字,无,特斯拉,,,11,1.00,5,0,0,5,55,0,0,5,55,0,0.00,外贸部仓,0.00,11.0000,55,,,,0,何兵兵,5,无,无
CG202306300066,何兵兵,已审核,无锡联合汽车用品有限公司,,2023/6/30,6月30日,0,2023-07-01 14:57:51,TSL21113012,TSL21113012,21-23特斯拉modely 3d压模后备箱垫（5座）--格子款无标（wxlh）,21-23特斯拉modely 3d压模后备箱垫（5座）--格子款无标（wxlh）,,21-23特斯拉modely 3d压模后备箱垫（5座）--格子款无标（wxlh）,无,特斯拉,,,75,1.00,3,0,0,3,225,0,0,3,225,0,0.00,外贸部仓,0.00,75.0000,225,,,,0,何兵兵,3,无,无
CG202306300065,何兵兵,已审核,温州车智嘉科技有限公司,,2023/6/30,6月30日,0,2023-07-05 14:57:51,FT22080102,FT22080102,21-23福特bronco越野版座垫（4门）--全包黑色纳帕皮（KJ包销）,21-23福特bronco越野版座垫（4门）,,21-23福特bronco越野版座垫（4门）--全包黑色纳帕皮（KJ包销）,无,福特bronco,,,350,1.00,5,0,0,5,1750,0,0,5,1750,0,0.00,外贸部仓,0.00,350.0000,1750,,,,0,何兵兵,5,无,无
CG202306300064,何兵兵,已审核,瑞安京立达汽车装饰用品厂 ,,2023/6/30,6月30日,0,2023-07-02 14:57:51,TSL21040702,TSL21040702,21-23特斯拉modely卡钳罩（19/20寸）--黄色,21-23特斯拉modely卡钳罩（19/20寸）,,21-23特斯拉modely卡钳罩（19/20寸）--黄色,无,特斯拉,,,340,1.00,1,0,0,1,340,0,0,1,340,0,0.00,外贸部仓,0.00,340.0000,340,,,,0,何兵兵,1,无,无
CG202306300101,admin,已审核,新北区孟河德松汽配制造厂,,2023/6/30,6月30日,0,2023-06-30 00:00:00,TSL22081207,TSL22081207,17-23特斯拉model3座椅下出风口保护罩--带卡扣一对装,17-23特斯拉model3座椅下出风口保护罩--带卡扣,,17-23特斯拉model3座椅下出风口保护罩--带卡扣一对装,无,特斯拉,,,5,1.00,20,0,0,20,100,0,0,20,100,0,0.00,外贸部仓,0.00,5.0000,100,,,,0,赵迎霜,20,无,无
CG202306300062,何兵兵,已审核,清河县墨凡商贸有限公司,,2023/6/30,6月30日,0,2023-06-30 14:57:51,TSL22060213,TSL22060213,17-23特斯拉model3/y密封条--前备箱+四门+AB柱（升级版）,17-23特斯拉model3/y密封条,,17-23特斯拉model3/y密封条--前备箱+四门+AB柱（升级版）,无,特斯拉,,,56,1.00,10,0,0,10,560,0,0,10,560,0,0.00,外贸部仓,0.00,56.0000,560,,,,0,何兵兵,10,无,无
CG202306300060,何兵兵,已审核,瀚林（东莞）汽车用品有限公司,,2023/6/30,6月30日,0,2023-07-10 14:57:51,TSL22041802,TSL22041802,21-23特斯拉modely遮阳挡--双圈涂银布全车8件套（含黑色本料袋）,21-23特斯拉modely遮阳挡--双圈涂银布全车8件套（含黑色本料袋）,,21-23特斯拉modely遮阳挡--双圈涂银布全车8件套（含黑色本料袋）,无,特斯拉,,,136,1.00,40,0,0,40,5440,0,0,40,5440,0,0.00,外贸部仓,0.00,136.0000,5440,,,,0,何兵兵,40,无,无
CG202306300060,何兵兵,已审核,瀚林（东莞）汽车用品有限公司,,2023/6/30,6月30日,0,2023-07-10 14:57:51,TSL22041801,TSL22041801,17-23特斯拉model3遮阳挡--双圈涂银布全车7件套（含黑色本料袋）,17-23特斯拉model3遮阳挡--双圈涂银布全车7件套（含黑色本料袋）,,17-23特斯拉model3遮阳挡--双圈涂银布全车7件套（含黑色本料袋）,无,特斯拉,,,106,1.00,25,0,0,25,2650,0,0,25,2650,0,0.00,外贸部仓,0.00,106.0000,2650,,,,0,何兵兵,25,无,无
CG202306300060,何兵兵,已审核,瀚林（东莞）汽车用品有限公司,,2023/6/30,6月30日,0,2023-07-10 14:57:51,TSL21080704-01,TSL21080704,21-23特斯拉model3（海外版）遮阳挡--天窗网纱全遮款（前+后）黑色,21-23特斯拉model3（海外版）遮阳挡--天窗网纱,,21-23特斯拉model3（海外版）遮阳挡--天窗网纱全遮款（前+后）黑色（带遮光布）,遮阳挡,特斯拉,,,49,1.00,5,0,0,5,245,0,0,5,245,0,0.00,外贸部仓,0.00,49.0000,245,,,,0,何兵兵,5,无,无
CG202306300069,admin,已审核,常州市云迪车辆部件有限公司,,2023/6/30,6月30日,0,2023-06-30 00:00:00,TYJ00002102,TYJ00002102,助粘剂助粘剂（包）,助粘剂助粘剂（包）,,助粘剂助粘剂（包）,无,通用件,,,0.1,1.00,500,0,0,500,50,0,0,500,50,0,0.00,外贸部仓,0.00,0.1000,50,,,,0,赵迎霜,500,无,无
CG202306300057,何兵兵,已审核,广州薇天商贸有限公司,,2023/6/30,6月30日,0,2023-07-01 14:57:51,TSL22051902,TSL22051902,17-23特斯拉model3车载眼镜盒--翻毛皮原车色,17-23特斯拉model3车载眼镜盒,,17-23特斯拉model3车载眼镜盒--翻毛皮原车色,无,特斯拉,,,78,1.00,15,0,0,15,1170,0,0,15,1170,0,0.00,外贸部仓,0.00,78.0000,1170,,,,0,何兵兵,15,无,无
CG202306300056,何兵兵,已审核,广州威威电子商务有限公司 ,,2023/6/30,6月30日,0,2023-07-03 14:57:51,TSL22011002,TSL22011002,17-23特斯拉model3座垫--全包黑色（前全后全）WEI,17-23特斯拉model3座垫--WEI,,17-23特斯拉model3座垫--全包黑色（前全后全）WEI,无,特斯拉,,,410,1.00,5,0,0,5,2050,0,0,5,2050,0,0.00,外贸部仓,0.00,410.0000,2050,,,,0,何兵兵,5,无,无
CG202306300055,何兵兵,已审核,广州铧帝汽车用品有限公司,,2023/6/30,6月30日,0,2023-06-30 14:57:51,TSL22042001,TSL22042001,16-22特斯拉models遮阳挡--双圈涂银布全车8件套（含黑色本料袋）,16-22特斯拉models遮阳挡--双圈涂银布全车8件套（含黑色本料袋）,,16-22特斯拉models遮阳挡--双圈涂银布全车8件套（含黑色本料袋）,无,特斯拉,,,140,1.00,20,0,0,20,2800,0,0,20,2800,0,0.00,外贸部仓,0.00,140.0000,2800,,,,0,何兵兵,20,无,无
CG202306300055,何兵兵,已审核,广州铧帝汽车用品有限公司,,2023/6/30,6月30日,0,2023-06-30 14:57:51,FT22031401,FT22031401,21-22福特bronco越野版遮阳挡（2/4门）--前挡双圈涂银布,21-23福特bronco越野版遮阳挡（2/4门）--前挡双圈涂银布,,定制遮阳挡--前挡双圈涂银布（1381*498mm）,无,福特bronco,,,26,1.00,25,0,0,25,650,0,0,25,650,0,0.00,外贸部仓,0.00,26.0000,650,,,,0,何兵兵,25,无,无
CG202306300055,何兵兵,已审核,广州铧帝汽车用品有限公司,,2023/6/30,6月30日,0,2023-06-30 14:57:51,TSL22031003-01,TSL22031003,21-23特斯拉modely遮阳挡--天窗网纱黑色（分体2片）,21-23特斯拉modely遮阳挡--天窗网纱（分体式）,,21-23特斯拉modely遮阳挡--天窗网纱黑色（分体2片）（带遮光布）,遮阳挡,特斯拉,,,60,1.00,10,0,0,10,600,0,0,10,600,0,0.00,外贸部仓,0.00,60.0000,600,,,,0,何兵兵,10,无,无
CG202306300021,admin,已审核,常州市云迪车辆部件有限公司,,2023/6/30,6月30日,0,2023-06-30 00:00:00,ZHZ23040705-06,ZHZ23040705,22-23特斯拉modely左右储物盒（柏林/奥斯汀产）--原车款（桶+带拉绳盖板）6套装,22-23特斯拉modely左右储物盒（柏林/奥斯汀产）--原车款（桶+带拉绳盖板）,,22-23特斯拉modely左右储物盒（柏林/奥斯汀产）--原车款（桶+带拉绳盖板）6套装（配单套纸箱）,组合装,特斯拉,,,390,1.00,42,0,0,42,16380,0,0,42,16380,0,0.00,外贸部仓,0.00,390.0000,16380,,,,0,赵迎霜,42,无,无
CG202306300021,admin,已审核,常州市云迪车辆部件有限公司,,2023/6/30,6月30日,0,2023-06-30 00:00:00,ZHZ23040704-06,ZHZ23040704,21-23特斯拉modely左右储物盒--原车款（桶+带拉绳盖板）6套装,21-23特斯拉modely左右储物盒--原车款TPE桶,,21-23特斯拉modely左右储物盒--原车款（桶+带拉绳盖板）6套装（配单套纸箱）,组合装,特斯拉,,,390,1.00,12,0,0,12,4680,0,0,12,4680,0,0.00,外贸部仓,0.00,390.0000,4680,,,,0,赵迎霜,12,无,无
CG202306300021,admin,已审核,常州市云迪车辆部件有限公司,,2023/6/30,6月30日,0,2023-06-30 00:00:00,TSL21110812,TSL21110812,21-23特斯拉model3/y中控储物盒--植绒原车B款,21-23特斯拉model3/y中控储物盒--原车B款,,21-23特斯拉model3/y中控储物盒--植绒原车B款,无,特斯拉,,,10,1.00,40,0,0,40,400,0,0,40,400,0,0.00,外贸部仓,0.00,10.0000,400,,,,0,赵迎霜,40,无,无
CG202306300021,admin,已审核,常州市云迪车辆部件有限公司,,2023/6/30,6月30日,0,2023-06-30 00:00:00,TSL21110810,TSL21110810,21-23特斯拉model3/y扶手箱储物盒--原车A款植绒,21-23特斯拉model3/y扶手箱储物盒--原车A款,,21-23特斯拉model3/y扶手箱储物盒--原车A款植绒,无,特斯拉,,,10,1.00,25,0,0,25,250,0,0,25,250,0,0.00,外贸部仓,0.00,10.0000,250,,,,0,赵迎霜,25,无,无
CG202306300021,admin,已审核,常州市云迪车辆部件有限公司,,2023/6/30,6月30日,0,2023-06-30 00:00:00,TSL21071613,TSL21071613,拖车盖撬棒--铝合金款（蓝色）,拖车盖撬棒--铝合金款（蓝色）,TSL21071613,拖车盖撬棒--铝合金款（蓝色）,无,特斯拉,,,6,1.00,8,0,0,8,48,0,0,8,48,0,0.00,外贸部仓,0.00,6.0000,48,,,,0,赵迎霜,8,无,无
CG202306290070,admin,已审核,老板联系,,2023/6/29,6月30日,1,2023-06-29 16:06:06,TSL22092702,TSL22092702,17-23特斯拉model3前雾灯风刀--全包款（雷霆款）哑黑,17-23特斯拉model3前雾灯风刀--全包款（雷霆款）,,17-23特斯拉model3前雾灯风刀--全包款（雷霆款）哑黑,无,特斯拉,,,90,1.00,20,0,0,20,1800,0,0,20,1800,0,0.00,外贸部仓,0.00,90.0000,1800,,,,0,李铭,20,无,无
CG202306290051,admin,已审核,常州市云迪车辆部件有限公司,,2023/6/29,6月30日,1,2023-06-29 16:34:47,FT22070201,FT22070201,21-23福特bronco越野版备胎罩（32英寸）--亮黑底+亮黑盖板（无字款）,21-23福特bronco越野版备胎罩（32英寸）--abs,,21-23福特bronco越野版备胎罩（32英寸）--亮黑底+亮黑盖板（无字款）,无,福特bronco,,,180,1.00,10,0,0,10,1800,0,0,10,1800,0,0.00,外贸部仓,0.00,180.0000,1800,,,,0,赵迎霜,10,无,无
CG202306290048,admin,已审核,保定白沟新城础易汽车配件销售部,,2023/6/29,6月30日,1,2023-06-30 16:06:06,TSL23032801,TSL23032801,17-23特斯拉model3/y挡杆--硅胶白色,17-23特斯拉model3/y挡杆--硅胶,,17-23特斯拉model3/y挡杆--硅胶白色,无,特斯拉,,,25,1.00,50,0,0,50,1250,0,0,50,1250,0,0.00,外贸部仓,0.00,25.0000,1250,,,,0,李铭,50,无,无
CG202306290047,admin,已审核,形越(广州)贸易有限公司,,2023/6/29,6月30日,1,2023-06-30 16:06:06,TSL21013004,TSL21013004,17-23特斯拉model3/y前排座椅调节按钮--银色6片,17-23特斯拉model3/y前排座椅调节按钮,,17-23特斯拉model3/y前排座椅调节按钮--银色6片,无,特斯拉,,,18,1.00,25,0,0,25,450,0,0,25,450,0,0.00,外贸部仓,0.00,18.0000,450,,,,0,李铭,25,无,无
CG202306290045,admin,已审核,温州中亿汽车用品有限公司,,2023/6/29,6月30日,1,2023-06-29 16:05:27,TSL22122101,TSL22122101,22-23特斯拉modely遮物帘（柏林/奥斯汀产）--WM包销,22-23特斯拉modely遮物帘（柏林/奥斯汀产）--WM包销,,22-23特斯拉modely遮物帘（柏林/奥斯汀产）--WM包销（不放助粘剂）,无,特斯拉,,,110,1.00,30,0,0,30,3300,0,0,30,3300,0,0.00,外贸部仓,0.00,110.0000,3300,,,,0,赵迎霜,30,无,无
CG202306290044,admin,已审核,深圳唐造科技有限公司,,2023/6/29,6月30日,1,2023-06-30 14:50:31,TSL23020201,TSL23020201,17-20特斯拉model3无线充--2充10w,17-20特斯拉model3无线充--2充10w,,17-20特斯拉model3无线充--2充10w,无,特斯拉,,,80,1.00,5,0,0,5,400,0,0,5,400,0,0.00,外贸部仓,0.00,80.0000,400,,,,0,李铭,5,无,无
CG202306290043,admin,已审核,深圳市岸木工业设计有限公司 ,,2023/6/29,6月30日,1,2023-06-30 14:50:31,TSL22072506,TSL22072506,特斯拉车载安全锤--红色无标（通用款）,特斯拉车载安全锤--红色无标（通用款）,,特斯拉车载安全锤--红色无标（通用款）,无,通用件,,,16,1.00,10,0,0,10,160,0,0,10,160,0,0.00,外贸部仓,0.00,16.0000,160,,,,0,李铭,10,无,无
CG202306290042,admin,已审核,广州爱特汽车用品有限公司,,2023/6/29,6月30日,1,2023-06-29 14:50:31,TSL19033004,TSL19033004,17-23特斯拉model3卡片限位器--普通款,17-23特斯拉model3卡片限位器,,17-23特斯拉model3卡片限位器--普通款,无,特斯拉,,,2.5,1.00,5,0,0,5,12.5,0,0,5,12.5,0,0.00,外贸部仓,0.00,2.5000,12.5,,,,0,李铭,5,无,无
CG202306290041,admin,已审核,佛山市特友汽车用品有限公司,,2023/6/29,6月30日,1,2023-06-30 14:50:31,TSL22112901,TSL22112901,21-23特斯拉modely后备箱车载冰箱--黑色（temai）海外版,21-23特斯拉modely后备箱车载冰箱--黑色（temai）,,21-23特斯拉modely后备箱车载冰箱--黑色（temai）海外版,无,特斯拉,,,1100,1.00,7,0,0,7,7700,0,0,7,7700,0,0.00,外贸部仓,0.00,1100.0000,7700,,,,0,李铭,7,无,无
CG202306290040,admin,已审核,佛山市艾薇汽车科技有限公司,,2023/6/29,6月30日,1,2023-06-29 14:50:31,TSL19051002,TSL19051002,17-20特斯拉model3进风口保护罩,17-20特斯拉model3进风口保护罩,3926909090,17-20特斯拉model3进风口保护罩,无,特斯拉,,,7,1.00,10,0,0,10,70,0,0,10,70,0,0.00,外贸部仓,0.00,7.0000,70,,,,0,李铭,10,无,无
CG202306290035,admin,已审核,常州市煜祺汽车科技有限公司?,,2023/6/29,6月30日,1,2023-06-29 00:00:00,FT22071901,FT22071901,21-23福特bronco越野版车门外休息踏板（4门）--碳钢2片装（前门）,21-23福特bronco越野版车门外休息踏板（4门）--碳钢,,21-23福特bronco越野版车门外休息踏板（4门）--碳钢2片装（前门）,无,福特bronco,,,37,1.00,2,0,0,2,74,0,0,2,74,0,0.00,外贸部仓,0.00,37.0000,74,,,,0,赵迎霜,2,无,无
CG202306290035,admin,已审核,常州市煜祺汽车科技有限公司?,,2023/6/29,6月30日,1,2023-06-29 00:00:00,FT22052704,FT22052704,21-23福特bronco越野版仪表台多功能支架（2/4门）--短款（带滑轨）2件套,21-23福特bronco越野版仪表台多功能支架（2/4门）--短款,,21-23福特bronco越野版仪表台多功能支架（2/4门）--短款（带滑轨）2件套,无,福特bronco,,,15,1.00,5,0,0,5,75,0,0,5,75,0,0.00,外贸部仓,0.00,15.0000,75,,,,0,赵迎霜,5,无,无
CG202306290035,admin,已审核,常州市煜祺汽车科技有限公司?,,2023/6/29,6月30日,1,2023-06-29 00:00:00,FT22032401,FT22032401,21-23福特bronco越野版机盖液压杆（2/4门）--不锈钢（银色）,21-23福特bronco越野版机盖液压杆（2/4门）--不锈钢,,21-23福特bronco越野版机盖液压杆（2/4门）--不锈钢（银色）,无,福特bronco,,,55,1.00,10,0,0,10,550,0,0,10,550,0,0.00,外贸部仓,0.00,55.0000,550,,,,0,赵迎霜,10,无,无
CG202306290032,admin,已审核,常州市云迪车辆部件有限公司,,2023/6/29,6月30日,1,2023-06-29 00:00:00,FT22050202,FT22050202,21-23福特bronco越野版沙石挡（2/4门）--粘贴款亮白,21-23福特bronco越野版沙石挡（2/4门）--粘贴款,3926909090,21-23福特bronco越野版沙石挡（2/4门）--粘贴款亮白（纸箱装，贴标签）,无,福特bronco,,,90,1.00,1,0,0,1,90,0,0,1,90,0,0.00,外贸部仓,0.00,90.0000,90,,,,0,赵迎霜,1,无,无
CG202306290032,admin,已审核,常州市云迪车辆部件有限公司,,2023/6/29,6月30日,1,2023-06-29 00:00:00,FT22050205,FT22050205,21-23福特bronco越野版沙石挡（2/4门）--粘贴款电镀,21-23福特bronco越野版沙石挡（2/4门）--粘贴款,,21-23福特bronco越野版沙石挡（2/4门）--粘贴款电镀（纸箱装，贴标签）,无,福特bronco,,,200,1.00,1,0,0,1,200,0,0,1,200,0,0.00,外贸部仓,0.00,200.0000,200,,,,0,赵迎霜,1,无,无
CG202306290032,admin,已审核,常州市云迪车辆部件有限公司,,2023/6/29,6月30日,1,2023-06-29 00:00:00,FT22022102,FT22022102,21-23福特bronco越野版机盖隔音棉（2/4门）--绒面,21-23福特bronco越野版机盖隔音棉（2/4门）,,21-23福特bronco越野版机盖隔音棉（2/4门）--绒面（纸箱装，贴标签）,无,福特bronco,,,100,1.00,2,0,0,2,200,0,0,2,200,0,0.00,外贸部仓,0.00,100.0000,200,,,,0,赵迎霜,2,无,无
CG202306290032,admin,已审核,常州市云迪车辆部件有限公司,,2023/6/29,6月30日,1,2023-06-29 00:00:00,FT22022101,FT22022101,21-23福特bronco越野版机盖隔音棉（2/4门）--铝箔,21-23福特bronco越野版机盖隔音棉（2/4门）,,21-23福特bronco越野版机盖隔音棉（2/4门）--铝箔,无,福特bronco,,,115,1.00,2,0,0,2,230,0,0,2,230,0,0.00,外贸部仓,0.00,115.0000,230,,,,0,赵迎霜,2,无,无
CG202306290032,admin,已审核,常州市云迪车辆部件有限公司,,2023/6/29,6月30日,1,2023-06-29 00:00:00,FT22030303,FT22030303,21-23福特bronco越野版侧踏板（2门）--吹塑款,21-23福特bronco越野版侧踏板（2门）--吹塑款,,21-23福特bronco越野版侧踏板（2门）--吹塑款,无,福特bronco,,,360,1.00,2,0,0,2,720,0,0,2,720,0,0.00,外贸部仓,0.00,360.0000,720,,,,0,赵迎霜,2,无,无
CG202306290032,admin,已审核,常州市云迪车辆部件有限公司,,2023/6/29,6月30日,1,2023-06-29 00:00:00,FT22102103,FT22102103,21-23福特bronco越野版D柱护板（4门）--pp全包款4片装,21-23福特bronco越野版D柱护板（4门）--pp全包款,,21-23福特bronco越野版D柱护板（4门）--pp全包款4片装,无,福特bronco,,,100,1.00,2,0,0,2,200,0,0,2,200,0,0.00,外贸部仓,0.00,100.0000,200,,,,0,赵迎霜,2,无,无
CG202306290032,admin,已审核,常州市云迪车辆部件有限公司,,2023/6/29,6月30日,1,2023-06-29 00:00:00,FT22043015,FT22043015,21-23福特bronco越野版沙石挡（2/4门）--粘贴款亮黑,21-23福特bronco越野版沙石挡（2/4门）--粘贴款,3926909090,21-23福特bronco越野版沙石挡（2/4门）--粘贴款亮黑（纸箱装，贴标签）,无,福特bronco,,,90,1.00,3,0,0,3,270,0,0,3,270,0,0.00,外贸部仓,0.00,90.0000,270,,,,0,赵迎霜,3,无,无
CG202306290032,admin,已审核,常州市云迪车辆部件有限公司,,2023/6/29,6月30日,1,2023-06-29 00:00:00,FT22050201,FT22050201,21-23福特bronco越野版沙石挡（2/4门）--粘贴款哑黑,21-23福特bronco越野版沙石挡（2/4门）--粘贴款,3926909090,21-23福特bronco越野版沙石挡（2/4门）--粘贴款哑黑（纸箱装，贴标签）,无,福特bronco,,,90,1.00,5,0,0,5,450,0,0,5,450,0,0.00,外贸部仓,0.00,90.0000,450,,,,0,赵迎霜,5,无,无
CG202306290020,admin,已审核,新北区孟河德松汽配制造厂,,2023/6/29,6月30日,1,2023-06-29 11:34:25,TSL20010206,TSL20010206,17-23特斯拉model3/s/x轮毂中心盖--整套盒装（原车灰?银T标牌+哑黑轮毂帽）,17-23特斯拉model3/s/x轮毂中心盖,,17-23特斯拉model3/s/x轮毂中心盖--整套盒装（原车灰?银T标牌+哑黑轮毂帽）,无,特斯拉,,,15.5,1.00,20,0,0,20,310,0,0,20,310,0,0.00,外贸部仓,0.00,15.5000,310,,,,0,赵迎霜,20,无,无
CG202306290032,admin,已审核,常州市云迪车辆部件有限公司,,2023/6/29,6月30日,1,2023-06-29 00:00:00,TSL20123115,TSL20123115,21-23特斯拉model3/y扶手箱储物盒--避让点烟器设计款植绒,21-23特斯拉model3/y扶手箱储物盒--避让点烟器设计款,,21-23特斯拉model3/y扶手箱储物盒--避让点烟器设计款植绒（纸盒装，贴标签）,无,特斯拉,,,11,1.00,5,0,0,5,55,0,0,5,55,0,0.00,外贸部仓,0.00,11.0000,55,,,,0,赵迎霜,5,无,无
CG202306290018,admin,已审核,常州市新北区孟河燕宇汽车附件厂,,2023/6/29,6月30日,1,2023-06-29 11:32:19,TSL19032204,TSL19032204,17-21特斯拉model3/y油门刹车踏板--不锈钢款,17-21特斯拉model3/y油门刹车踏板--不锈钢款,87082990,17-21特斯拉model3/y油门刹车踏板--不锈钢款,无,特斯拉,,,13.5,1.00,10,0,0,10,135,0,0,10,135,0,0.00,外贸部仓,0.00,13.5000,135,,,,0,赵迎霜,10,无,无
CG202306290017,何兵兵,已审核,温州中亿汽车用品有限公司,,2023/6/29,6月30日,1,2023-06-29 10:51:29,TSL21112201,TSL21112201,17-23特斯拉model3/y旋转屏支架（左驾）--原车色（新款上下左右旋转）w,17-23特斯拉model3/y旋转屏支架（左驾）w,,17-23特斯拉model3/y旋转屏支架（左驾）--原车色（新款上下左右旋转）w,无,特斯拉,,,160,1.00,40,0,0,40,6400,0,0,40,6400,0,0.00,外贸部仓,0.00,160.0000,6400,,,,0,何兵兵,40,无,无
CG202306290016,何兵兵,已审核,丹阳市界牌镇本色模具厂,,2023/6/29,6月30日,1,2023-06-29 10:51:29,TSL21070503,TSL21070503,21-23特斯拉model3/y扶手箱储物盒--开口款abs,21-23特斯拉model3/y扶手箱储物盒--开口款,,21-23特斯拉model3/y扶手箱储物盒--开口款abs（配内盒）,无,特斯拉,,,6,1.00,80,0,0,80,480,0,0,80,480,0,0.00,外贸部仓,0.00,6.0000,480,,,,0,何兵兵,80,无,无
CG202306290002,admin,已审核,常州布克箱包有限公司,,2023/6/29,6月30日,1,2023-07-14 08:52:43,FT22042001,FT22042001,21-23福特bronco越野版后排椅背收纳套件（4门）--5件套（2工具袋+1竖收纳包+2横收纳包）,21-23福特bronco越野版后排椅背收纳套件（4门,,21-23福特bronco越野版后排椅背收纳套件（4门）--5件套（2工具袋+1竖收纳包+2横收纳包）,无,福特bronco,,,130,1.00,5,0,0,5,650,0,0,5,650,0,0.00,外贸部仓,0.00,130.0000,650,,,,0,赵迎霜,5,无,无
CG202306280073,admin,已审核,浙江蓝柚伞业有限公司,,2023/6/28,6月30日,2,2023-06-29 16:56:45,TSL23062804,TSL23062804,17-23特斯拉model3/y前挡遮阳伞--猫爪款,17-23特斯拉model3/y前挡遮阳伞,,17-23特斯拉model3/y前挡遮阳伞--猫爪款,无,特斯拉,,,35,1.00,5,0,0,5,175,0,0,5,175,0,0.00,外贸部仓,0.00,35.0000,175,,,,0,李铭,5,无,无
CG202306280068,admin,已审核,常州市云迪车辆部件有限公司,,2023/6/28,6月30日,2,2023-06-28 00:00:00,FT23012906,FT23012906,21-23福特bronco越野版后排过桥水杯座（2/4门）--b款（KJ/WM包销）,21-23福特bronco越野版后排过桥水杯座（2/4门）--b款（KJ/WM包销）,,21-23福特bronco越野版后排过桥水杯座（2/4门）--b款（KJ/WM包销）,无,福特bronco,,,80,1.00,100,0,0,100,8000,0,0,100,8000,0,0.00,外贸部仓,0.00,80.0000,8000,,,,0,赵迎霜,100,无,无
CG202306280067,admin,已审核,深圳市宝安区西乡越雅派汽车用品商行,,2023/6/28,6月30日,2,2023-06-29 16:02:45,TSL23062801,TSL23062801,16-23特斯拉models钥匙套--abs亮碳B款w,16-23特斯拉models钥匙套,,16-23特斯拉models钥匙套--abs亮碳B款w,无,特斯拉,,,28,1.00,10,0,0,10,280,0,0,10,280,0,0.00,外贸部仓,0.00,28.0000,280,,,,0,李铭,10,无,无
CG202306280066,admin,已审核,东莞市卡博碳纤维科技有限公司,,2023/6/28,6月30日,2,2023-06-29 16:02:45,TSL23020111,TSL23020111,17-23特斯拉model3全包钥匙壳--真碳亮红,17-23特斯拉model3全包钥匙壳--真碳,,17-23特斯拉model3全包钥匙壳--真碳亮红,无,特斯拉,,,120,1.00,20,0,0,20,2400,0,0,20,2400,0,0.00,外贸部仓,0.00,120.0000,2400,,,,0,李铭,20,无,无
CG202306280065,admin,已审核,广州道一驰贸易有限公司,,2023/6/28,6月30日,2,2023-06-28 16:02:45,TSL22040603,TSL22040603,特斯拉限量版尾标--格子款黑红白色,特斯拉限量版尾标--格子款黑红白色,,特斯拉限量版尾标--格子款黑红白色,无,特斯拉,,,12,1.00,30,0,0,30,360,0,0,30,360,0,0.00,外贸部仓,0.00,12.0000,360,,,,0,李铭,30,无,无
CG202306280061,admin,已审核,广州威思达汽车用品商行,,2023/6/28,6月30日,2,2023-06-28 16:02:45,TSL22060216,TSL22060216,特斯拉尾门字标（TESLA）--红色（加定位膜）,特斯拉尾门字标（TESLA）--红色（加定位膜）,,特斯拉尾门字标（TESLA）--红色（加定位膜）,无,特斯拉,,,8.5,1.00,50,0,0,50,425,0,0,50,425,0,0.00,外贸部仓,0.00,8.5000,425,,,,0,李铭,50,无,无
CG202306280059,admin,已审核,广州徕格汽车配件有限公司,,2023/6/28,6月30日,2,2023-06-29 16:02:45,TSL23040101,TSL23040101,12-20特斯拉models/x中控面板--真碳亮光,12-20特斯拉models/x中控面板,,12-20特斯拉models/x中控面板--真碳亮光,无,特斯拉,,,300,1.00,10,0,0,10,3000,0,0,10,3000,0,0.00,外贸部仓,0.00,300.0000,3000,,,,0,李铭,10,无,无
CG202306280059,admin,已审核,广州徕格汽车配件有限公司,,2023/6/28,6月30日,2,2023-06-29 16:02:45,TSL23012908,TSL23012908,16-23特斯拉models车门拉手--真碳哑光,16-23特斯拉models车门拉手--真碳,,16-23特斯拉models车门拉手--真碳哑光,无,特斯拉,,,220,1.00,10,0,0,10,2200,0,0,10,2200,0,0.00,外贸部仓,0.00,220.0000,2200,,,,0,李铭,10,无,无
CG202306280059,admin,已审核,广州徕格汽车配件有限公司,,2023/6/28,6月30日,2,2023-06-29 16:02:45,TSL22081208,TSL22081208,14-18特斯拉models中网饰条--真碳哑光,14-18特斯拉models中网饰条--真碳,,14-18特斯拉models中网饰条--真碳哑光,无,特斯拉,,,280,1.00,20,0,0,20,5600,0,0,20,5600,0,0.00,外贸部仓,0.00,280.0000,5600,,,,0,李铭,20,无,无
CG202306280059,admin,已审核,广州徕格汽车配件有限公司,,2023/6/28,6月30日,2,2023-06-29 16:02:45,TSL23020107,TSL23020107,12-20特斯拉models/x中控扶手后部面板--真碳亮光,12-20特斯拉models/x中控扶手后部面板,,12-20特斯拉models/x中控扶手后部面板--真碳亮光,无,特斯拉,,,160,1.00,1,0,0,1,160,0,0,1,160,0,0.00,外贸部仓,0.00,160.0000,160,,,,0,李铭,1,无,无
CG202306280068,admin,已审核,常州市云迪车辆部件有限公司,,2023/6/28,6月30日,2,2023-06-28 00:00:00,FT22080205-V022,FT22080205,21-23福特bronco越野版尾门合页网板molle--碳钢黑色,21-23福特bronco越野版尾门合页网板molle--碳钢,,21-23福特bronco越野版尾门合页网板molle--碳钢黑色（V022定制）,无,福特bronco,,,50,1.00,200,0,0,200,10000,0,0,200,10000,0,0.00,外贸部仓,0.00,50.0000,10000,,,,0,赵迎霜,200,无,无
CG202306280037,何兵兵,已审核,丹阳启宏科技（田甜）,,2023/6/28,6月30日,2,2023-06-29 10:24:58,TSL23031505,TSL23031505,21-23特斯拉modely天窗伸缩遮阳--百褶款（B款插片款）,21-23特斯拉modely天窗伸缩遮阳--百褶款（B款插片款）,,21-23特斯拉modely天窗伸缩遮阳--百褶款（B款插片款）（无字包装，配全英文说明书）,无,特斯拉,,,400,1.00,20,0,0,20,8000,0,0,20,8000,0,0.00,外贸部仓,0.00,400.0000,8000,,,,0,何兵兵,20,无,无
CG202306280035,何兵兵,已审核,丹阳市晨燕车灯厂,,2023/6/28,6月30日,2,2023-06-28 10:24:58,TSL22101001,TSL22101001,17-23特斯拉model3/y尾灯--魔星款（美版）熏黑色,17-23特斯拉model3/y尾灯--魔星款,,17-23特斯拉model3/y尾灯--魔星款（美版）熏黑色,无,特斯拉,,,1250,1.00,10,0,0,10,12500,0,0,10,12500,0,0.00,外贸部仓,0.00,1250.0000,12500,,,,0,何兵兵,10,无,无
CG202306280017,admin,已审核,常州市尖美车辆配件有限公司,,2023/6/28,6月30日,2,2023-06-28 10:12:39,MY00000201,MY00000201,备注-发货备注（仓库注意点）,备注-发货备注（仓库注意点）,,备注-发货备注（仓库注意点）,无,通用件,,,0,1.00,1,0,0,1,0,0,0,1,0,0,0.00,外贸部仓,0.00,0.0000,0,,售后补发6套ModelY卡扣配件和2套Model 3 卡扣配件,,0,赵迎霜,1,无,无
CG202306280001,admin,已审核,广州徕格汽车配件有限公司,,2023/6/28,6月30日,2,2023-06-29 08:49:34,TSL23012908,TSL23012908,16-23特斯拉models车门拉手--真碳哑光,16-23特斯拉models车门拉手--真碳,,16-23特斯拉models车门拉手--真碳哑光,无,特斯拉,,,220,1.00,1,0,0,1,220,0,0,1,220,0,0.00,外贸部仓,0.00,220.0000,220,,,,0,李铭,1,无,无
CG202306270149,admin,已审核,义乌市鹏来日用品厂,,2023/6/27,6月30日,3,2023-06-28 21:03:55,TYP22103101,TYP22103101,儿童安全座椅保护垫--单片装（黑线防水牛津布）,儿童安全座椅保护垫--单片装（黑线防水牛津布）,,儿童安全座椅保护垫--单片装（黑线防水牛津布）,无,通用件,,,21,1.00,400,0,0,400,8400,0,0,400,8400,0,0.00,外贸部仓,0.00,21.0000,8400,,,,0,李铭,400,无,无
CG202306270147,何兵兵,已审核,丹阳启宏科技（田甜）,,2023/6/27,6月30日,3,2023-06-28 18:05:32,TSL23031506,TSL23031506,21-23特斯拉modely天窗伸缩遮阳--卷轴款（B款插片款）,21-23特斯拉modely天窗伸缩遮阳--卷轴款（B款插片款）,,21-23特斯拉modely天窗伸缩遮阳--卷轴款（B款插片款）（无字包装，配全英文说明书）,无,特斯拉,,,650,1.00,30,0,0,30,19500,0,0,30,19500,0,0.00,外贸部仓,0.00,650.0000,19500,特价,,,0,何兵兵,30,无,无
CG202306270074,admin,已审核,常州鑫君和车辆饰件有限公司,,2023/6/27,6月30日,3,2023-07-07 16:21:33,TSL21110804,TSL21110804,21-23特斯拉modely 3d压模二排椅背垫（5/7座）--格子款3片装,21-23特斯拉modely 3d压模二排椅背垫（5/7座）--格子款,TSL21110804,21-23特斯拉modely 3d压模二排椅背垫（5/7座）--格子款3片装,无,特斯拉,,,50,1.00,20,0,0,20,1000,0,0,20,1000,0,0.00,外贸部仓,0.00,50.0000,1000,,,,0,赵迎霜,20,无,无
CG202306270057,admin,已审核,常州鑫君和车辆饰件有限公司,,2023/6/27,6月30日,3,2023-07-07 00:00:00,TSL21120306,TSL21120306,17-23特斯拉model3 3d压模后备箱下层垫--格子款（带3标）,17-23特斯拉model3 3d压模后备箱下层垫--格子款,,17-23特斯拉model3 3d压模后备箱下层垫--格子款（带3标）,无,特斯拉,,,25,1.00,10,0,0,10,250,0,0,10,250,0,0.00,外贸部仓,0.00,25.0000,250,,,,0,赵迎霜,10,无,无
CG202306270057,admin,已审核,常州鑫君和车辆饰件有限公司,,2023/6/27,6月30日,3,2023-07-07 00:00:00,TSL21120305,TSL21120305,17-23特斯拉model3 3d压模后备箱垫--格子款点塑底,17-23特斯拉model3 3d压模后备箱垫--格子款,TSL21120305,17-23特斯拉model3 3d压模后备箱垫--格子款点塑底,无,特斯拉,,,70,1.00,10,0,0,10,700,0,0,10,700,0,0.00,外贸部仓,0.00,70.0000,700,,,,0,赵迎霜,10,无,无
CG202306270006,何兵兵,已审核,广州铧帝汽车用品有限公司,,2023/6/27,6月30日,3,2023-06-27 10:09:26,TSL22042001,TSL22042001,16-22特斯拉models遮阳挡--双圈涂银布全车8件套（含黑色本料袋）,16-22特斯拉models遮阳挡--双圈涂银布全车8件套（含黑色本料袋）,,16-22特斯拉models遮阳挡--双圈涂银布全车8件套（含黑色本料袋）,无,特斯拉,,,140,1.00,1,0,0,1,140,0,0,1,140,0,0.00,外贸部仓,0.00,140.0000,140,,,,0,何兵兵,1,无,无
CG202306260099,admin,已审核,科维特（广州）汽车配件有限公司,,2023/6/26,6月30日,4,2023-06-27 17:11:13,TSL21101403,TSL21101403,17-23特斯拉model3/y仪表台长饰条--真碳（粘贴款）锻造纹,17-23特斯拉model3/y仪表台长饰条--真碳（粘贴款）,,17-23特斯拉model3/y仪表台长饰条--真碳（粘贴款）锻造纹,无,特斯拉,,,480,1.00,2,0,0,2,960,0,0,2,960,0,0.00,外贸部仓,0.00,480.0000,960,,,,0,李铭,2,无,无
CG202306260098,admin,已审核,广东明华汽车装配科技有限公司,,2023/6/26,6月30日,4,2023-06-27 17:11:13,TY22082501,TY22082501,车载冰箱--18L,车载冰箱--18L,,车载冰箱--18L,无,无,,,550,1.00,50,0,0,50,27500,0,0,50,27500,0,0.00,外贸部仓,0.00,550.0000,27500,,,,0,李铭,50,无,无
CG202306260095,admin,已审核,佛山市特友汽车用品有限公司,,2023/6/26,6月30日,4,2023-06-27 17:11:13,TSL22112901,TSL22112901,21-23特斯拉modely后备箱车载冰箱--黑色（temai）海外版,21-23特斯拉modely后备箱车载冰箱--黑色（temai）,,21-23特斯拉modely后备箱车载冰箱--黑色（temai）海外版,无,特斯拉,,,1100,1.00,15,0,0,15,16500,0,0,15,16500,0,0.00,外贸部仓,0.00,1100.0000,16500,,,,0,李铭,15,无,无
CG202306260094,admin,已审核,广州双隆汽车用品有限公司（联兴）,,2023/6/26,6月30日,4,2023-06-27 17:11:13,TSL22012402,TSL22012402,21-23特斯拉modely车标（前+后）--金属红色一对装,21-23特斯拉modely车标（前+后）--金属,,21-23特斯拉modely车标（前+后）--金属红色一对装,无,特斯拉,,,25,1.00,5,0,0,5,125,0,0,5,125,0,0.00,外贸部仓,0.00,25.0000,125,,,,0,李铭,5,无,无
CG202306260074,admin,已审核,广州路奕贸易有限公司,,2023/6/26,6月30日,4,2023-06-27 17:11:13,TSL22123103,TSL22123103,17-23特斯拉model3/y扶手箱盖板--翻毛皮款,17-23特斯拉model3/y扶手箱盖板,,17-23特斯拉model3/y扶手箱盖板--翻毛皮款,无,特斯拉,,,120,1.00,70,0,0,70,8400,0,0,70,8400,0,0.00,外贸部仓,0.00,120.0000,8400,,,,0,李铭,70,无,无
CG202306260045,何兵兵,已审核,温州利博饰汽车用品有限公司,,2023/6/26,6月30日,4,2023-06-26 15:47:48,FT22050701,FT22050701,21-23福特bronco越野版外置门槛条（2/4门）--前门abs款（带不锈钢条黑底）2片装,21-23福特bronco越野版外置门槛条（2/4门）--abs款（带不锈钢条）,,21-23福特bronco越野版外置门槛条（2/4门）--前门abs款（带不锈钢条黑底）2片装,无,福特bronco,,,18,1.00,10,0,0,10,180,0,0,10,180,0,0.00,外贸部仓,0.00,18.0000,180,,,,0,何兵兵,10,无,无
CG202306260031,何兵兵,已审核,镇江文一汽车用品有限公司,,2023/6/26,6月30日,4,2023-06-26 09:01:11,TSL20102901,TSL20102901,17-23特斯拉model3/y头枕--S款黑色2号无标,17-23特斯拉model3/y头枕--S款,,17-23特斯拉model3/y头枕--S款黑色2号无标,无,特斯拉,,,17,1.00,300,0,0,300,5100,0,0,300,5100,0,0.00,外贸部仓,0.00,17.0000,5100,特价17,  追加:特价17,,0,何兵兵,300,无,无
CG202306260008,何兵兵,已审核,丹阳市界牌镇本色模具厂,,2023/6/26,6月30日,4,2023-06-26 09:01:11,TSL21030501,TSL21030501,21-23特斯拉model3/y中控储物盒--大号非全隐藏款abs,21-23特斯拉model3/y中控储物盒--大号非全隐藏款,,21-23特斯拉model3/y中控储物盒--大号非全隐藏款abs（配内盒）,无,特斯拉,,,6,1.00,25,0,0,25,150,0,0,25,150,0,0.00,外贸部仓,0.00,6.0000,150,,,,0,何兵兵,25,无,无
CG202306260006,何兵兵,已审核,广东剑光电子科技有限公司,,2023/6/26,6月30日,4,2023-06-27 09:01:11,TSL23051902,TSL23051902,21-23特斯拉modely后备箱冰箱,21-23特斯拉modely后备箱冰箱,,21-23特斯拉modely后备箱冰箱,无,特斯拉,,,1500,1.00,8,0,0,8,12000,0,0,8,12000,0,0.00,外贸部仓,0.00,1500.0000,12000,,,,0,何兵兵,8,无,无
CG202306260005,何兵兵,已审核,广州铧帝汽车用品有限公司,,2023/6/26,6月30日,4,2023-06-26 09:01:11,TSL22031301,TSL22031301,21-23特斯拉modely遮阳挡--前挡双圈涂银布,21-23特斯拉modely遮阳挡--前挡双圈涂银布,,21-23特斯拉modely遮阳挡--前挡双圈涂银布,无,特斯拉,,,26,1.00,45,0,0,45,1170,0,0,45,1170,0,0.00,外贸部仓,0.00,26.0000,1170,,,,0,何兵兵,45,无,无
CG202306260005,何兵兵,已审核,广州铧帝汽车用品有限公司,,2023/6/26,6月30日,4,2023-06-26 09:01:11,TSL21120105,TSL21120105,16-23特斯拉models遮阳挡--前挡双圈涂银布,16-23特斯拉models遮阳挡--前挡双圈涂银布,,16-23特斯拉models遮阳挡--前挡双圈涂银布,无,特斯拉,,,26,1.00,30,0,0,30,780,0,0,30,780,0,0.00,外贸部仓,0.00,26.0000,780,,,,0,何兵兵,30,无,无
CG202306160067,admin,已审核,武汉鸿福创品汽车装饰配件有限公司,,2023/6/16,6月30日,14,2023-06-16 17:19:35,TSL22010204,TSL22010204,17-23特斯拉model3/y车门饰条--真碳（替换款）哑光,17-23特斯拉model3/y车门饰条--真碳（替换款）,,17-23特斯拉model3/y车门饰条--真碳（替换款）哑光,无,特斯拉,,,300,1.00,1,0,0,1,300,0,0,1,300,0,0.00,外贸部仓,0.00,300.0000,300,,,,0,李铭,1,无,无
CG202306250101,admin,已审核,广州爱特汽车用品有限公司,,2023/6/25,6月30日,5,2023-06-25 16:44:54,TSL19033004,TSL19033004,17-23特斯拉model3卡片限位器--普通款,17-23特斯拉model3卡片限位器,,17-23特斯拉model3卡片限位器--普通款,无,特斯拉,,,2.5,1.00,20,0,0,20,50,0,0,20,50,0,0.00,外贸部仓,0.00,2.5000,50,,,,0,李铭,20,无,无
CG202306250100,admin,已审核,清河县天元汽车零部件有限公司,,2023/6/25,6月30日,5,2023-06-25 16:44:54,TSL20112503,TSL20112503,17-23特斯拉model3/y空调滤芯--cn95透气进化版（蓝色）1对装,17-23特斯拉model3/y空调滤芯--cn95透气进化版（蓝色）,,17-23特斯拉model3/y空调滤芯--cn95透气进化版（蓝色）1对装,无,特斯拉,,,26,1.00,200,0,0,200,5200,0,0,200,5200,0,0.00,外贸部仓,0.00,26.0000,5200,,,,0,李铭,200,无,无
CG202306250092,admin,已审核,常州市煜祺汽车科技有限公司?,,2023/6/25,6月30日,5,2023-06-26 15:52:31,FT22061503,FT22061503,21-23福特bronco越野版机盖液压杆（2/4门）--不锈钢（银色）升级款,21-23福特bronco越野版机盖液压杆（2/4门）--不锈钢,,21-23福特bronco越野版机盖液压杆（2/4门）--不锈钢（银色）升级款,无,福特bronco,,,55,1.00,20,0,0,20,1100,0,0,20,1100,0,0.00,外贸部仓,0.00,55.0000,1100,,,,0,赵迎霜,20,无,无
CG202306250091,admin,已审核,常州市德茂车辆配件有限公司,,2023/6/25,6月30日,5,2023-06-25 15:51:53,FT22081312,FT22081312,21-23福特bronco越野版油箱下护板（4门）--铝合金款2片装,21-23福特bronco越野版油箱下护板（4门）,,21-23福特bronco越野版油箱下护板（4门）--铝合金款2片装,无,福特bronco,,,700,1.00,15,0,0,15,10500,0,0,15,10500,0,0.00,外贸部仓,0.00,700.0000,10500,,,,0,赵迎霜,15,无,无
CG202306250078,admin,已审核,常州拓爵车业部件有限公司,,2023/6/25,6月30日,5,2023-06-25 15:01:20,TSL21121101,TSL21121101,21-23特斯拉modely后备箱宠物栅栏,21-23特斯拉modely后备箱宠物栅栏,,21-23特斯拉modely后备箱宠物栅栏,无,特斯拉,,,107,1.00,60,0,0,60,6420,0,0,60,6420,0,0.00,外贸部仓,0.00,107.0000,6420,,,,0,赵迎霜,60,无,无
CG202306250054,admin,已审核,常州布克箱包有限公司,,2023/6/25,6月30日,5,2023-07-10 14:28:23,TSL22022203,TSL22022203,17-23特斯拉model3/y折叠海绵床配套的箱包,17-23特斯拉model3/y折叠海绵床配套的箱包,,17-23特斯拉model3/y折叠海绵床配套的箱包,无,特斯拉,,,40,1.00,100,0,0,100,4000,0,0,100,4000,0,0.00,外贸部仓,0.00,40.0000,4000,,"  追加:高度增加4CM,，，成本42",,0,赵迎霜,100,无,无
CG202306250040,何兵兵,已审核,瑞安市汉邦杰臣汽车用品有限公司,,2023/6/25,6月30日,5,2023-06-25 13:37:32,TSL21071501,TSL21071501,21-23特斯拉modely内置后护板--黑钛（2段式）,21-23特斯拉modely内置后护板--不锈钢,,21-23特斯拉modely内置后护板--黑钛（2段式）,无,特斯拉,,,55,1.00,10,0,0,10,550,0,0,10,550,0,0.00,外贸部仓,0.00,55.0000,550,,,,0,何兵兵,10,无,无
CG202306250039,何兵兵,已审核,清河县墨凡商贸有限公司,,2023/6/25,6月30日,5,2023-06-25 13:37:32,TSL22060212,TSL22060212,17-23特斯拉model3密封条--全车（升级版）,17-23特斯拉model3密封条,,17-23特斯拉model3密封条--全车（升级版）,无,特斯拉,,,62,1.00,200,0,0,200,12400,0,0,200,12400,0,0.00,外贸部仓,0.00,62.0000,12400,,,,0,何兵兵,200,无,无
CG202306250033,何兵兵,已审核,广东涛歌汽车用品有限公司,,2023/6/25,6月30日,5,2023-06-28 12:01:28,TSL22071502,TSL22071502,16-21特斯拉modelx（7座自动挡）tpe吸塑脚垫--lgx（不贴标）,16-21特斯拉modelx（7座自动挡）tpe吸塑脚垫--lgx,,16-21特斯拉modelx（7座自动挡）tpe吸塑脚垫--lgx（不贴标）,无,特斯拉,,,230,1.00,5,0,0,5,1150,0,0,5,1150,0,0.00,外贸部仓,0.00,230.0000,1150,,,,0,何兵兵,5,无,无
CG202306210060,admin,已审核,清河县天元汽车零部件有限公司,,2023/6/21,6月30日,9,2023-06-21 17:45:44,TSL23032706,TSL23032706,16-22特斯拉modelx外置滤芯--hepa款（蜂窝）,16-22特斯拉modelx外置滤芯,,16-22特斯拉modelx外置滤芯--hepa款（蜂窝）,无,特斯拉,,,98,1.00,30,0,0,30,2940,0,0,30,2940,0,0.00,外贸部仓,0.00,98.0000,2940,,,,0,李铭,30,无,无
CG202306200052,何兵兵,已审核,温州中亿汽车用品有限公司,,2023/6/20,6月30日,10,2023-06-20 17:37:29,TSL22122101,TSL22122101,22-23特斯拉modely遮物帘（柏林/奥斯汀产）--WM包销,22-23特斯拉modely遮物帘（柏林/奥斯汀产）--WM包销,,22-23特斯拉modely遮物帘（柏林/奥斯汀产）--WM包销（不放助粘剂）,无,特斯拉,,,110,1.00,250,0,0,250,27500,0,0,250,27500,0,0.00,外贸部仓,0.00,110.0000,27500,,,,0,何兵兵,250,无,无
CG202306200045,admin,已审核,厦门展颂商贸有限公司,,2023/6/20,6月30日,10,2023-06-21 17:18:25,TYP23053001,TYP23053001,车载充气床垫--pvc植绒,车载充气床垫,,车载充气床垫--pvc植绒,无,通用件,,,416,1.00,498,0,0,498,207168,0,0,498,207168,0,0.00,外贸部仓,0.00,416.0000,207168,,,,0,李铭,498,无,无
CG202306200028,admin,已审核,常州布克箱包有限公司,,2023/6/20,6月30日,10,2023-07-05 00:00:00,FT22112211,FT22112211,21-23福特bronco越野版车门收纳包（4门）--后门1件装（V022定制标）,21-23福特bronco越野版车门收纳包（4门）,,21-23福特bronco越野版车门收纳包（4门）--后门1件装（V022定制标）,无,福特bronco,,,60,1.00,200,0,0,200,12000,0,0,200,12000,0,0.00,外贸部仓,0.00,60.0000,12000,,,,0,赵迎霜,200,无,无
CG202306200028,admin,已审核,常州布克箱包有限公司,,2023/6/20,6月30日,10,2023-07-05 00:00:00,FT22112210,FT22112210,21-23福特bronco越野版车门收纳包（4门）--前门1件装（V022定制标）,21-23福特bronco越野版车门收纳包（4门）,,21-23福特bronco越野版车门收纳包（4门）--前门1件装（V022定制标）,无,福特bronco,,,60,1.00,200,0,0,200,12000,0,0,200,12000,0,0.00,外贸部仓,0.00,60.0000,12000,,,,0,赵迎霜,200,无,无
CG202306200004,admin,已审核,常州市德茂车辆配件有限公司,,2023/6/20,6月30日,10,2023-06-20 10:06:35,FT22081312,FT22081312,21-23福特bronco越野版油箱下护板（4门）--铝合金款2片装,21-23福特bronco越野版油箱下护板（4门）,,21-23福特bronco越野版油箱下护板（4门）--铝合金款2片装,无,福特bronco,,,700,1.00,8,0,0,8,5600,0,0,8,5600,0,0.00,外贸部仓,0.00,700.0000,5600,,,,0,赵迎霜,8,无,无
CG202306190084,admin,已审核,科维特（广州）汽车配件有限公司,,2023/6/19,6月30日,11,2023-06-20 17:56:36,TSL21051203,TSL21051203,21-23特斯拉model3/y车门饰条--真碳亮光,21-23特斯拉model3/y车门饰条--真碳,TSL21051203,21-23特斯拉model3/y车门饰条--真碳亮光,无,特斯拉,,,295,1.00,1,0,0,1,295,0,0,1,295,0,0.00,外贸部仓,0.00,295.0000,295,,,,0,李铭,1,无,无
CG202306190084,admin,已审核,科维特（广州）汽车配件有限公司,,2023/6/19,6月30日,11,2023-06-20 17:56:36,TSL21081905,TSL21081905,21-23特斯拉model3/y中控面板--真碳带卡片槽（2件套）哑光,21-23特斯拉model3/y中控面板--真碳带卡片槽,,21-23特斯拉model3/y中控面板--真碳带卡片槽（2件套）哑光,无,特斯拉,,,280,1.00,140,0,0,140,39200,0,0,140,39200,0,0.00,外贸部仓,0.00,280.0000,39200,,,,0,李铭,140,无,无
CG202306190058,admin,已审核,义乌市鹏来日用品厂,,2023/6/19,6月30日,11,2023-06-20 17:56:36,TY22072101-V024,TY22072101,儿童安全座椅保护垫--单片装（带侧翼防水牛津布）,儿童安全座椅保护垫--单片装（带侧翼防水牛津布）,,儿童安全座椅保护垫--单片装（带侧翼防水牛津布）（加V024黑灰织唛）,无,通用件,,,23,1.00,600,0,0,600,13800,0,0,600,13800,0,0.00,外贸部仓,0.00,23.0000,13800,,,,0,李铭,600,无,无
CG202306160067,admin,已审核,武汉鸿福创品汽车装饰配件有限公司,,2023/6/16,6月30日,14,2023-06-16 17:19:35,TSL22010202,TSL22010202,17-23特斯拉model3/y仪表台长饰条--真碳（替换款）哑光,17-23特斯拉model3/y仪表台长饰条--真碳（替换款）,,17-23特斯拉model3/y仪表台长饰条--真碳（替换款）哑光,无,特斯拉,,,600,1.00,1,0,0,1,600,0,0,1,600,0,0.00,外贸部仓,0.00,600.0000,600,,,,0,李铭,1,无,无
CG202306160042,admin,已审核,东莞市小桔电子科技有限公司,,2023/6/16,6月30日,14,2023-06-17 17:19:35,TSL23060102,TSL23060102,21-23特斯拉model3/y中控悬浮拓展坞（hub）--D款（伸缩线款）,21-23特斯拉model3/y中控悬浮拓展坞（hub）--D款（伸缩线款）,,21-23特斯拉model3/y中控悬浮拓展坞（hub）--D款（伸缩线款）,无,特斯拉,,,66.5,1.00,9,0,0,9,598.5,0,0,9,598.5,0,0.00,外贸部仓,0.00,66.5000,598.5,,,,0,李铭,9,无,无
CG202306160026,admin,已审核,广州徕格汽车配件有限公司,,2023/6/16,6月30日,14,2023-06-17 15:14:42,TSL23061402,TSL23061402,17-23特斯拉model3/y仪表台长饰条--真碳（B款粘贴款）哑光,17-23特斯拉model3/y仪表台长饰条--真碳（B款粘贴款）,,17-23特斯拉model3/y仪表台长饰条--真碳（B款粘贴款）哑光,无,特斯拉,,,380,1.00,200,0,0,200,76000,0,0,200,76000,0,0.00,外贸部仓,0.00,380.0000,76000,,,,0,李铭,200,无,无
CG202306160026,admin,已审核,广州徕格汽车配件有限公司,,2023/6/16,6月30日,14,2023-06-17 15:14:42,TSL23061403,TSL23061403,21-23特斯拉model3/y车门饰条--真碳哑光（B款）,21-23特斯拉model3/y车门饰条--真碳（B款）,,21-23特斯拉model3/y车门饰条--真碳哑光（B款）,无,特斯拉,,,220,1.00,200,0,0,200,44000,0,0,200,44000,0,0.00,外贸部仓,0.00,220.0000,44000,,,,0,李铭,200,无,无
CG202306160024,admin,已审核,丹阳显峰汽车用品有限公司,,2023/6/16,6月30日,14,2023-06-17 11:55:45,TSL23061202-01,TSL23061202,21-23特斯拉modely轮毂罩（19寸）--直边款B款平面哑黑（黑T标）,21-23特斯拉modely轮毂罩（19寸）--直边款B款,,21-23特斯拉modely轮毂罩（19寸）--直边款B款平面哑黑（黑T标）（常规包装）,轮毂罩,特斯拉,,,153,1.00,20,0,0,20,3060,0,0,20,3060,0,0.00,外贸部仓,0.00,153.0000,3060,,,,0,何兵兵,20,无,无
CG202306160024,admin,已审核,丹阳显峰汽车用品有限公司,,2023/6/16,6月30日,14,2023-06-17 11:55:45,TSL23061201-01,TSL23061201,21-23特斯拉modely轮毂罩（19寸）--直边款B款平面哑黑（无标）,21-23特斯拉modely轮毂罩（19寸）--直边款B款,,21-23特斯拉modely轮毂罩（19寸）--直边款B款平面哑黑（无标）（常规包装）,轮毂罩,特斯拉,,,153,1.00,1,0,0,1,153,0,0,1,153,0,0.00,外贸部仓,0.00,153.0000,153,,,,0,何兵兵,1,无,无
CG202306160024,admin,已审核,丹阳显峰汽车用品有限公司,,2023/6/16,6月30日,14,2023-06-17 11:55:45,TSL23052605,TSL23052605,21-23特斯拉modely轮毂罩（19寸）--漩涡对称D款哑黑（金属标哑黑底白t/黑t/红t标）,21-23特斯拉modely轮毂罩（19寸）--漩涡对称D款,,21-23特斯拉modely轮毂罩（19寸）--漩涡对称D款哑黑（金属标哑黑底白t/黑t/红t标）（压缩包装）,轮毂罩,特斯拉,,,143,1.00,1,0,0,1,143,0,0,1,143,0,0.00,外贸部仓,0.00,143.0000,143,,,,0,何兵兵,1,无,无
CG202306160014,admin,已审核,常州市九龙汽车灯具厂,,2023/6/16,6月30日,14,2023-06-17 10:18:10,FT22121203,FT22121203,21-23福特bronco越野版尾灯（2/4门）--改装流光款熏黑1对装（适用低配车型）,21-23福特bronco越野版尾灯（2/4门）--改装流光款,,21-23福特bronco越野版尾灯（2/4门）--改装流光款熏黑1对装（适用低配车型）,无,福特bronco,,,1200,1.00,5,0,0,5,6000,0,0,5,6000,0,0.00,外贸部仓,0.00,1200.0000,6000,,,,0,赵迎霜,5,无,无
CG202306150035,admin,已审核,广州西尔盾汽车用品有限公司,,2023/6/15,6月30日,15,2023-06-22 15:49:38,TSL23053002,TSL23053002,17-23特斯拉model3遮阳挡--双圈涂银布小方格款7件套（含银色收纳袋）带吸盘款,17-23特斯拉model3遮阳挡--双圈涂银布,,17-23特斯拉model3遮阳挡--双圈涂银布小方格款7件套（含银色收纳袋）带吸盘款,无,特斯拉,,,110,1.00,180,0,0,180,19800,0,0,180,19800,0,0.00,外贸部仓,0.00,110.0000,19800,,,,0,李铭,180,无,无
CG202306150035,admin,已审核,广州西尔盾汽车用品有限公司,,2023/6/15,6月30日,15,2023-06-22 15:49:38,TSL23053001,TSL23053001,21-23特斯拉modely遮阳挡--双圈涂银布小方格款8件套（含银色收纳袋）带吸盘款,21-23特斯拉modely遮阳挡--双圈涂银布,,21-23特斯拉modely遮阳挡--双圈涂银布小方格款8件套（含银色收纳袋）带吸盘款,无,特斯拉,,,130,1.00,430,0,0,430,55900,0,0,430,55900,0,0.00,外贸部仓,0.00,130.0000,55900,,,,0,李铭,430,无,无
CG202306150022,admin,已审核,江苏申鹏户外科技有限公司,,2023/6/15,6月30日,15,2023-06-16 15:49:38,TSL23031402-V024,TSL23031402,17-23特斯拉model3/y自充气海绵床--加厚款,17-23特斯拉model3/y自充气海绵床--加厚款,,17-23特斯拉model3/y自充气海绵床--加厚款（V024定制）,无,特斯拉,,,480,1.00,150,0,0,150,72000,0,0,150,72000,0,0.00,外贸部仓,0.00,480.0000,72000,,,,0,李铭,150,无,无
CG202306150022,admin,已审核,江苏申鹏户外科技有限公司,,2023/6/15,6月30日,15,2023-06-16 15:49:38,TSL23031402,TSL23031402,17-23特斯拉model3/y自充气海绵床--加厚款,17-23特斯拉model3/y自充气海绵床--加厚款,,17-23特斯拉model3/y自充气海绵床--加厚款,无,特斯拉,,,480,1.00,50,0,0,50,24000,0,0,50,24000,0,0.00,外贸部仓,0.00,480.0000,24000,,,,0,李铭,50,无,无
CG202306150015,admin,已审核,瀚林（东莞）汽车用品有限公司,,2023/6/15,6月30日,15,2023-06-25 11:25:45,TSL21082102-01,TSL21082102,21-23特斯拉model3（海外版）遮阳挡--天窗网纱半遮款（前+后）米色,21-23特斯拉model3（海外版）遮阳挡--天窗网纱,,21-23特斯拉model3（海外版）遮阳挡--天窗网纱半遮款（前+后）米色（带遮光布）,无,特斯拉,,,49,1.00,50,0,0,50,2450,0,0,50,2450,0,0.00,外贸部仓,0.00,49.0000,2450,,,,0,何兵兵,50,无,无
CG202306150013,admin,已审核,镇江文一汽车用品有限公司,,2023/6/15,6月30日,15,2023-06-15 11:25:45,FT23053104,FT23053104,21-23福特bronco越野版车顶遮阳（2门）--网纱（全套挂钩款）KJ包销,21-23福特bronco越野版车顶遮阳（2门）,6306120000,21-23福特bronco越野版车顶遮阳（2门）--网纱（全套挂钩款）KJ包销,无,福特bronco,,,65,1.00,5,0,0,5,325,0,0,5,325,0,0.00,外贸部仓,0.00,65.0000,325,,,,0,何兵兵,5,无,无
CG202306150013,admin,已审核,镇江文一汽车用品有限公司,,2023/6/15,6月30日,15,2023-06-15 11:25:45,FT23053103,FT23053103,21-23福特bronco越野版车顶遮阳（4门）--网纱（全套挂钩款）KJ包销,21-23福特bronco越野版车顶遮阳（4门）,6306120000,21-23福特bronco越野版车顶遮阳（4门）--网纱（全套挂钩款）KJ包销,无,福特bronco,,,65,1.00,5,0,0,5,325,0,0,5,325,0,0.00,外贸部仓,0.00,65.0000,325,,,,0,何兵兵,5,无,无
CG202306150013,admin,已审核,镇江文一汽车用品有限公司,,2023/6/15,6月30日,15,2023-06-15 11:25:45,FT23053102,FT23053102,21-23福特bronco越野版车顶吊床（2门）--网格款（升级十绑带）,21-23福特bronco越野版车顶吊床（2门）,,21-23福特bronco越野版车顶吊床（2门）--网格款（升级十绑带）,无,福特bronco,,,35,1.00,5,0,0,5,175,0,0,5,175,0,0.00,外贸部仓,0.00,35.0000,175,,,,0,何兵兵,5,无,无
CG202306150013,admin,已审核,镇江文一汽车用品有限公司,,2023/6/15,6月30日,15,2023-06-15 11:25:45,FT23053101,FT23053101,21-23福特bronco越野版车顶吊床（4门）--网格款（升级十绑带）,21-23福特bronco越野版车顶吊床（4门）,,21-23福特bronco越野版车顶吊床（4门）--网格款（升级十绑带）,无,福特bronco,,,35,1.00,5,0,0,5,175,0,0,5,175,0,0.00,外贸部仓,0.00,35.0000,175,,,,0,何兵兵,5,无,无
CG202306140024,admin,已审核,广州徕格汽车配件有限公司,,2023/6/14,6月30日,16,2023-06-15 11:33:20,TSL23020110,TSL23020110,12-20特斯拉models/x仪表长台饰条--真碳亮光（3件套）,12-20特斯拉models/x仪表长台饰条,,12-20特斯拉models/x仪表长台饰条--真碳亮光（3件套）,无,特斯拉,,,660,1.00,1,0,0,1,660,0,0,1,660,0,0.00,外贸部仓,0.00,660.0000,660,,,,0,李铭,1,无,无
CG202306140024,admin,已审核,广州徕格汽车配件有限公司,,2023/6/14,6月30日,16,2023-06-15 11:33:20,TSL23013104,TSL23013104,12-20特斯拉models/x中控面板--真碳哑光,12-20特斯拉models/x中控面板,,12-20特斯拉models/x中控面板--真碳哑光,无,特斯拉,,,300,1.00,1,0,0,1,300,0,0,1,300,0,0.00,外贸部仓,0.00,300.0000,300,,,,0,李铭,1,无,无
CG202306120089,admin,已审核,广东明华汽车装配科技有限公司,,2023/6/12,6月30日,18,2023-06-13 16:45:19,TY22082501,TY22082501,车载冰箱--18L,车载冰箱--18L,,车载冰箱--18L,无,无,,,550,1.00,50,0,0,50,27500,0,0,50,27500,0,0.00,外贸部仓,0.00,550.0000,27500,,,,0,李铭,50,无,无
CG202306080062,admin,已审核,丹阳市瑞铭汽配有限公司,,2023/6/8,6月30日,22,2023-06-09 16:36:15,TSL23041903,TSL23041903,21-23特斯拉modely后备箱宠物笼--WM包销,21-23特斯拉modely后备箱宠物笼--WM包销,,21-23特斯拉modely后备箱宠物笼--WM包销,无,特斯拉,,,220,1.00,60,0,0,60,13200,0,0,60,13200,0,0.00,外贸部仓,0.00,220.0000,13200,,,,0,彭丹,60,无,无
CG202306070081,admin,已审核,丹阳市丹北镇亦铮激光切割加工中心,,2023/6/7,6月30日,23,2023-06-08 18:03:17,FT23060107,FT23060107,21-23福特bronco越野版挂门神器（4门）--碳钢四门4个装,21-23福特bronco越野版挂门神器（2/4门）,FT23060107,21-23福特bronco越野版挂门神器（4门）--碳钢四门4个装,无,福特bronco,,,0,1.00,10,0,0,10,0,0,0,10,0,0,0.00,外贸部仓,0.00,0.0000,0,,,,0,何兵兵,10,无,无
CG202306070012,admin,已审核,常州市煜祺汽车科技有限公司?,,2023/6/7,6月30日,23,2023-06-08 11:39:35,TSL21091702,TSL21091702,17-23特斯拉model3/y座椅后排手机平板支架--C款（双边拉伸可折叠带硅胶套）,17-23特斯拉model3/y座椅后排手机平板支架,,17-23特斯拉model3/y座椅后排手机平板支架--C款（双边拉伸可折叠带硅胶套）,无,特斯拉,,,19.5,1.00,15,0,0,15,292.5,0,0,15,292.5,0,0.00,外贸部仓,0.00,19.5000,292.5,,,,0,赵迎霜,15,无,无
CG202306070003,admin,已审核,广州徕格汽车配件有限公司,,2023/6/7,6月30日,23,2023-06-08 09:17:53,TSL20071302,TSL20071302,21-23特斯拉modely尾翼--真碳原车款（哑光干碳）,21-23特斯拉modely尾翼--真碳原车款（干碳）,,21-23特斯拉modely尾翼--真碳原车款（哑光干碳）,无,特斯拉,,,380,1.00,1,0,0,1,380,0,0,1,380,0,0.00,外贸部仓,0.00,380.0000,380,,返工,,0,李铭,1,无,无
CG202306070002,admin,已审核,科维特（广州）汽车配件有限公司,,2023/6/7,6月30日,23,2023-06-08 09:17:53,TSL19112701,TSL19112701,17-23特斯拉model3/y仪表台长饰条--真碳（粘贴款）亮光,17-23特斯拉model3/y仪表台长饰条--真碳（粘贴款）,,17-23特斯拉model3/y仪表台长饰条--真碳（粘贴款）亮光,无,特斯拉,,,450,1.00,1,0,0,1,450,0,0,1,450,0,0.00,外贸部仓,0.00,450.0000,450,,,,0,李铭,1,无,无
CG202306020081,admin,已审核,常州市煜祺汽车科技有限公司?,,2023/6/2,6月30日,28,2023-06-03 17:32:37,TSL23022304,TSL23022304,17-23特斯拉model3轮毂罩（18寸）--models plaid版亮黑（亮黑底无标）（标要贴上）,17-23特斯拉model3轮毂罩（18寸）--models plaid版,,17-23特斯拉model3轮毂罩（18寸）--models plaid版亮黑（亮黑底无标）（标要贴上）,轮毂罩,特斯拉,,,240,1.00,30,0,0,30,7200,0,0,30,7200,0,0.00,外贸部仓,0.00,240.0000,7200,,,,0,赵迎霜,30,无,无
CG202306010065,admin,已审核,东莞山谷运动休闲娱乐用品有限公司,,2023/6/1,6月30日,29,2023-06-02 15:47:25,TYP22111701,TYP22111701,电动真空抽气机--车载款,电动真空抽气机--车载款,,电动真空抽气机--车载款,无,通用件,,,61.5,1.00,150,0,0,150,9225,0,0,150,9225,0,0.00,外贸部仓,0.00,61.5000,9225,,,,0,李铭,150,无,无
CG202306010044,admin,已审核,广州西尔盾汽车用品有限公司,,2023/6/1,6月30日,29,2023-06-08 15:47:25,TSL23053002,TSL23053002,17-23特斯拉model3遮阳挡--双圈涂银布小方格款7件套（含银色收纳袋）带吸盘款,17-23特斯拉model3遮阳挡--双圈涂银布,,17-23特斯拉model3遮阳挡--双圈涂银布小方格款7件套（含银色收纳袋）带吸盘款,无,特斯拉,,,100,1.00,2,0,0,2,200,0,0,2,200,0,0.00,外贸部仓,0.00,100.0000,200,,A904213 装柜,,0,李铭,2,无,无
CG202306010044,admin,已审核,广州西尔盾汽车用品有限公司,,2023/6/1,6月30日,29,2023-06-08 15:47:25,TSL23053001,TSL23053001,21-23特斯拉modely遮阳挡--双圈涂银布小方格款8件套（含银色收纳袋）带吸盘款,21-23特斯拉modely遮阳挡--双圈涂银布,,21-23特斯拉modely遮阳挡--双圈涂银布小方格款8件套（含银色收纳袋）带吸盘款,无,特斯拉,,,120,1.00,2,0,0,2,240,0,0,2,240,0,0.00,外贸部仓,0.00,120.0000,240,,A904213 装柜,,0,李铭,2,无,无
CG202305270052,admin,已审核,河北全昊汽车用品制造有限公司,,2023/5/27,6月30日,34,2023-05-27 15:16:14,TSL21091714,TSL21091714,21-23特斯拉modely车衣--涤纶加棉（黑色/斜侧拉门/反光条/长方形进气口/充电口上翻/黑色收纳袋）,21-23特斯拉modely车衣,,21-23特斯拉modely车衣--涤纶加棉（黑色/斜侧拉门/反光条/长方形进气口/充电口上翻/黑色收纳袋）,无,特斯拉,,,115.5,1.00,84,0,0,84,9702,0,0,84,9702,0,0.00,外贸部仓,0.00,115.5000,9702,,  追加:A906380 装柜5,,0,李铭,84,无,无
CG202305230023,admin,已审核,义乌市安驰日用品有限公司,,2023/5/23,6月30日,38,2023-05-24 14:30:33,TYJ19102701,TYJ19102701,后座宠物垫--不带侧翼,后座宠物垫--不带侧翼,39269097,后座宠物垫--不带侧翼,无,通用件,,,40,1.00,25,0,0,25,1000,0,0,25,1000,0,0.00,外贸部仓,0.00,40.0000,1000,,,,0,李铭,25,无,无
CG202304040008,admin,已审核,河北全昊汽车用品制造有限公司,,2023/4/4,6月30日,87,2023-04-04 10:36:18,TSL22092201,TSL22092201,16-23特斯拉modelx车衣--涤纶加棉（银色/侧拉门/反光条/长方形进气口/充电口上翻/银色收纳袋）,16-23特斯拉modelx车衣,,16-23特斯拉modelx车衣--涤纶加棉（银色/侧拉门/反光条/长方形进气口/充电口上翻/银色收纳袋）,无,特斯拉,,,131.5,1.00,199,0,0,199,26168.5,0,0,199,26168.5,0,0.00,外贸部仓,0.00,131.5000,26168.5,,,,0,李铭,199,无,无
CG202303310075,admin,已审核,河北全昊汽车用品制造有限公司,,2023/3/31,6月30日,91,2023-03-31 15:41:11,TSL22092201,TSL22092201,16-23特斯拉modelx车衣--涤纶加棉（银色/侧拉门/反光条/长方形进气口/充电口上翻/银色收纳袋）,16-23特斯拉modelx车衣,,16-23特斯拉modelx车衣--涤纶加棉（银色/侧拉门/反光条/长方形进气口/充电口上翻/银色收纳袋）,无,特斯拉,,,131.5,1.00,1,0,0,1,131.5,0,0,1,131.5,0,0.00,外贸部仓,0.00,131.5000,131.5,,,,0,李铭,1,无,无
